product_id,date,current_stock
1,2025-05-23,60
1,2025-05-30,48
1,2025-06-06,40
1,2025-06-13,40
1,2025-06-20,39
1,2025-06-27,36
1,2025-07-04,35
1,2025-07-11,29
1,2025-07-18,21
1,2025-07-25,1
1,2025-08-01,98
1,2025-08-08,96
1,2025-08-15,92
1,2025-08-22,82
1,2025-08-29,72
1,2025-09-05,72
1,2025-09-12,69
1,2025-09-19,62
1,2025-09-26,61
1,2025-10-03,58
1,2025-10-10,48
1,2025-10-17,38
1,2025-10-24,37
1,2025-10-31,28
1,2025-11-07,2
1,2025-11-14,0
2,2025-05-23,154
2,2025-05-30,154
2,2025-06-06,154
2,2025-06-13,152
2,2025-06-20,151
2,2025-06-27,146
2,2025-07-04,143
2,2025-07-11,142
2,2025-07-18,139
2,2025-07-25,138
2,2025-08-01,136
2,2025-08-08,120
2,2025-08-15,100
2,2025-08-22,92
2,2025-08-29,85
2,2025-09-05,78
2,2025-09-12,76
2,2025-09-19,59
2,2025-09-26,50
2,2025-10-03,46
2,2025-10-10,42
2,2025-10-17,42
2,2025-10-24,39
2,2025-10-31,30
2,2025-11-07,13
2,2025-11-14,66
3,2025-05-23,74
3,2025-05-30,71
3,2025-06-06,62
3,2025-06-13,60
3,2025-06-20,49
3,2025-06-27,48
3,2025-07-04,38
3,2025-07-11,35
3,2025-07-18,21
3,2025-07-25,82
3,2025-08-01,80
3,2025-08-08,72
3,2025-08-15,63
3,2025-08-22,54
3,2025-08-29,54
3,2025-09-05,50
3,2025-09-12,49
3,2025-09-19,49
3,2025-09-26,46
3,2025-10-03,45
3,2025-10-10,39
3,2025-10-17,37
3,2025-10-24,33
3,2025-10-31,14
3,2025-11-07,8
3,2025-11-14,0
4,2025-05-23,49
4,2025-05-30,37
4,2025-06-06,33
4,2025-06-13,32
4,2025-06-20,31
4,2025-06-27,23
4,2025-07-04,112
4,2025-07-11,112
4,2025-07-18,112
4,2025-07-25,108
4,2025-08-01,105
4,2025-08-08,102
4,2025-08-15,97
4,2025-08-22,89
4,2025-08-29,79
4,2025-09-05,76
4,2025-09-12,76
4,2025-09-19,75
4,2025-09-26,74
4,2025-10-03,68
4,2025-10-10,67
4,2025-10-17,52
4,2025-10-24,50
4,2025-10-31,41
4,2025-11-07,32
4,2025-11-14,23
5,2025-05-23,135
5,2025-05-30,131
5,2025-06-06,129
5,2025-06-13,127
5,2025-06-20,121
5,2025-06-27,117
5,2025-07-04,105
5,2025-07-11,96
5,2025-07-18,96
5,2025-07-25,92
5,2025-08-01,69
5,2025-08-08,59
5,2025-08-15,56
5,2025-08-22,55
5,2025-08-29,52
5,2025-09-05,51
5,2025-09-12,49
5,2025-09-19,43
5,2025-09-26,37
5,2025-10-03,34
5,2025-10-10,34
5,2025-10-17,32
5,2025-10-24,32
5,2025-10-31,26
5,2025-11-07,25
5,2025-11-14,19
6,2025-05-23,165
6,2025-05-30,163
6,2025-06-06,159
6,2025-06-13,158
6,2025-06-20,152
6,2025-06-27,146
6,2025-07-04,131
6,2025-07-11,129
6,2025-07-18,127
6,2025-07-25,125
6,2025-08-01,124
6,2025-08-08,120
6,2025-08-15,120
6,2025-08-22,120
6,2025-08-29,111
6,2025-09-05,106
6,2025-09-12,106
6,2025-09-19,104
6,2025-09-26,80
6,2025-10-03,49
6,2025-10-10,28
6,2025-10-17,25
6,2025-10-24,19
6,2025-10-31,13
6,2025-11-07,0
6,2025-11-14,0
7,2025-05-23,187
7,2025-05-30,186
7,2025-06-06,182
7,2025-06-13,170
7,2025-06-20,166
7,2025-06-27,166
7,2025-07-04,159
7,2025-07-11,156
7,2025-07-18,156
7,2025-07-25,154
7,2025-08-01,151
7,2025-08-08,149
7,2025-08-15,142
7,2025-08-22,138
7,2025-08-29,138
7,2025-09-05,136
7,2025-09-12,126
7,2025-09-19,121
7,2025-09-26,114
7,2025-10-03,111
7,2025-10-10,106
7,2025-10-17,98
7,2025-10-24,94
7,2025-10-31,87
7,2025-11-07,65
7,2025-11-14,63
8,2025-05-23,163
8,2025-05-30,163
8,2025-06-06,163
8,2025-06-13,161
8,2025-06-20,156
8,2025-06-27,156
8,2025-07-04,151
8,2025-07-11,151
8,2025-07-18,141
8,2025-07-25,129
8,2025-08-01,126
8,2025-08-08,125
8,2025-08-15,116
8,2025-08-22,113
8,2025-08-29,106
8,2025-09-05,100
8,2025-09-12,100
8,2025-09-19,95
8,2025-09-26,93
8,2025-10-03,88
8,2025-10-10,83
8,2025-10-17,81
8,2025-10-24,81
8,2025-10-31,80
8,2025-11-07,64
8,2025-11-14,64
9,2025-05-23,126
9,2025-05-30,126
9,2025-06-06,122
9,2025-06-13,122
9,2025-06-20,122
9,2025-06-27,109
9,2025-07-04,106
9,2025-07-11,106
9,2025-07-18,97
9,2025-07-25,92
9,2025-08-01,89
9,2025-08-08,57
9,2025-08-15,44
9,2025-08-22,42
9,2025-08-29,39
9,2025-09-05,28
9,2025-09-12,18
9,2025-09-19,14
9,2025-09-26,95
9,2025-10-03,79
9,2025-10-10,76
9,2025-10-17,74
9,2025-10-24,60
9,2025-10-31,59
9,2025-11-07,57
9,2025-11-14,57
10,2025-05-23,152
10,2025-05-30,141
10,2025-06-06,141
10,2025-06-13,141
10,2025-06-20,141
10,2025-06-27,131
10,2025-07-04,126
10,2025-07-11,118
10,2025-07-18,98
10,2025-07-25,97
10,2025-08-01,92
10,2025-08-08,82
10,2025-08-15,78
10,2025-08-22,73
10,2025-08-29,64
10,2025-09-05,58
10,2025-09-12,42
10,2025-09-19,36
10,2025-09-26,29
10,2025-10-03,29
10,2025-10-10,10
10,2025-10-17,5
10,2025-10-24,65
10,2025-10-31,62
10,2025-11-07,61
10,2025-11-14,61
11,2025-05-23,156
11,2025-05-30,138
11,2025-06-06,136
11,2025-06-13,127
11,2025-06-20,124
11,2025-06-27,111
11,2025-07-04,99
11,2025-07-11,99
11,2025-07-18,93
11,2025-07-25,89
11,2025-08-01,87
11,2025-08-08,86
11,2025-08-15,73
11,2025-08-22,70
11,2025-08-29,68
11,2025-09-05,65
11,2025-09-12,65
11,2025-09-19,46
11,2025-09-26,43
11,2025-10-03,39
11,2025-10-10,16
11,2025-10-17,14
11,2025-10-24,14
11,2025-10-31,14
11,2025-11-07,85
11,2025-11-14,64
12,2025-05-23,140
12,2025-05-30,138
12,2025-06-06,138
12,2025-06-13,131
12,2025-06-20,129
12,2025-06-27,128
12,2025-07-04,125
12,2025-07-11,124
12,2025-07-18,122
12,2025-07-25,121
12,2025-08-01,121
12,2025-08-08,118
12,2025-08-15,113
12,2025-08-22,111
12,2025-08-29,110
12,2025-09-05,110
12,2025-09-12,110
12,2025-09-19,106
12,2025-09-26,106
12,2025-10-03,105
12,2025-10-10,104
12,2025-10-17,81
12,2025-10-24,70
12,2025-10-31,63
12,2025-11-07,57
12,2025-11-14,46
13,2025-05-23,183
13,2025-05-30,179
13,2025-06-06,179
13,2025-06-13,174
13,2025-06-20,166
13,2025-06-27,164
13,2025-07-04,159
13,2025-07-11,155
13,2025-07-18,151
13,2025-07-25,129
13,2025-08-01,129
13,2025-08-08,127
13,2025-08-15,127
13,2025-08-22,126
13,2025-08-29,118
13,2025-09-05,118
13,2025-09-12,105
13,2025-09-19,104
13,2025-09-26,102
13,2025-10-03,101
13,2025-10-10,96
13,2025-10-17,95
13,2025-10-24,86
13,2025-10-31,76
13,2025-11-07,75
13,2025-11-14,70
14,2025-05-23,93
14,2025-05-30,91
14,2025-06-06,71
14,2025-06-13,65
14,2025-06-20,61
14,2025-06-27,61
14,2025-07-04,46
14,2025-07-11,44
14,2025-07-18,41
14,2025-07-25,38
14,2025-08-01,38
14,2025-08-08,28
14,2025-08-15,27
14,2025-08-22,96
14,2025-08-29,89
14,2025-09-05,84
14,2025-09-12,82
14,2025-09-19,76
14,2025-09-26,62
14,2025-10-03,57
14,2025-10-10,53
14,2025-10-17,47
14,2025-10-24,46
14,2025-10-31,45
14,2025-11-07,28
14,2025-11-14,13
15,2025-05-23,54
15,2025-05-30,48
15,2025-06-06,46
15,2025-06-13,44
15,2025-06-20,25
15,2025-06-27,17
15,2025-07-04,95
15,2025-07-11,93
15,2025-07-18,91
15,2025-07-25,91
15,2025-08-01,82
15,2025-08-08,82
15,2025-08-15,66
15,2025-08-22,61
15,2025-08-29,51
15,2025-09-05,50
15,2025-09-12,37
15,2025-09-19,37
15,2025-09-26,24
15,2025-10-03,84
15,2025-10-10,76
15,2025-10-17,65
15,2025-10-24,62
15,2025-10-31,62
15,2025-11-07,44
15,2025-11-14,44
16,2025-05-23,88
16,2025-05-30,76
16,2025-06-06,64
16,2025-06-13,59
16,2025-06-20,50
16,2025-06-27,47
16,2025-07-04,30
16,2025-07-11,116
16,2025-07-18,92
16,2025-07-25,88
16,2025-08-01,87
16,2025-08-08,84
16,2025-08-15,81
16,2025-08-22,75
16,2025-08-29,75
16,2025-09-05,68
16,2025-09-12,64
16,2025-09-19,62
16,2025-09-26,62
16,2025-10-03,56
16,2025-10-10,53
16,2025-10-17,45
16,2025-10-24,44
16,2025-10-31,32
16,2025-11-07,30
16,2025-11-14,29
17,2025-05-23,168
17,2025-05-30,166
17,2025-06-06,157
17,2025-06-13,153
17,2025-06-20,142
17,2025-06-27,136
17,2025-07-04,136
17,2025-07-11,133
17,2025-07-18,131
17,2025-07-25,127
17,2025-08-01,118
17,2025-08-08,118
17,2025-08-15,112
17,2025-08-22,104
17,2025-08-29,103
17,2025-09-05,102
17,2025-09-12,100
17,2025-09-19,94
17,2025-09-26,92
17,2025-10-03,91
17,2025-10-10,82
17,2025-10-17,75
17,2025-10-24,72
17,2025-10-31,65
17,2025-11-07,58
17,2025-11-14,57
18,2025-05-23,50
18,2025-05-30,49
18,2025-06-06,39
18,2025-06-13,37
18,2025-06-20,25
18,2025-06-27,95
18,2025-07-04,93
18,2025-07-11,83
18,2025-07-18,79
18,2025-07-25,74
18,2025-08-01,71
18,2025-08-08,65
18,2025-08-15,55
18,2025-08-22,55
18,2025-08-29,55
18,2025-09-05,54
18,2025-09-12,48
18,2025-09-19,28
18,2025-09-26,26
18,2025-10-03,20
18,2025-10-10,18
18,2025-10-17,109
18,2025-10-24,107
18,2025-10-31,102
18,2025-11-07,79
18,2025-11-14,77
19,2025-05-23,91
19,2025-05-30,81
19,2025-06-06,78
19,2025-06-13,78
19,2025-06-20,77
19,2025-06-27,76
19,2025-07-04,64
19,2025-07-11,61
19,2025-07-18,57
19,2025-07-25,52
19,2025-08-01,49
19,2025-08-08,48
19,2025-08-15,45
19,2025-08-22,43
19,2025-08-29,42
19,2025-09-05,40
19,2025-09-12,39
19,2025-09-19,31
19,2025-09-26,25
19,2025-10-03,25
19,2025-10-10,25
19,2025-10-17,98
19,2025-10-24,94
19,2025-10-31,84
19,2025-11-07,65
19,2025-11-14,56
20,2025-05-23,70
20,2025-05-30,65
20,2025-06-06,63
20,2025-06-13,58
20,2025-06-20,58
20,2025-06-27,56
20,2025-07-04,56
20,2025-07-11,36
20,2025-07-18,34
20,2025-07-25,21
20,2025-08-01,12
20,2025-08-08,11
20,2025-08-15,10
20,2025-08-22,2
20,2025-08-29,0
20,2025-09-05,0
20,2025-09-12,0
20,2025-09-19,0
20,2025-09-26,73
20,2025-10-03,70
20,2025-10-10,69
20,2025-10-17,66
20,2025-10-24,64
20,2025-10-31,63
20,2025-11-07,60
20,2025-11-14,46
21,2025-05-23,129
21,2025-05-30,121
21,2025-06-06,110
21,2025-06-13,105
21,2025-06-20,96
21,2025-06-27,90
21,2025-07-04,82
21,2025-07-11,77
21,2025-07-18,75
21,2025-07-25,71
21,2025-08-01,70
21,2025-08-08,67
21,2025-08-15,60
21,2025-08-22,57
21,2025-08-29,55
21,2025-09-05,41
21,2025-09-12,38
21,2025-09-19,38
21,2025-09-26,38
21,2025-10-03,38
21,2025-10-10,38
21,2025-10-17,34
21,2025-10-24,34
21,2025-10-31,23
21,2025-11-07,0
21,2025-11-14,87
22,2025-05-23,113
22,2025-05-30,99
22,2025-06-06,92
22,2025-06-13,78
22,2025-06-20,77
22,2025-06-27,76
22,2025-07-04,73
22,2025-07-11,70
22,2025-07-18,55
22,2025-07-25,50
22,2025-08-01,47
22,2025-08-08,47
22,2025-08-15,47
22,2025-08-22,47
22,2025-08-29,41
22,2025-09-05,28
22,2025-09-12,24
22,2025-09-19,24
22,2025-09-26,23
22,2025-10-03,0
22,2025-10-10,0
22,2025-10-17,0
22,2025-10-24,94
22,2025-10-31,84
22,2025-11-07,78
22,2025-11-14,65
23,2025-05-23,71
23,2025-05-30,67
23,2025-06-06,67
23,2025-06-13,57
23,2025-06-20,57
23,2025-06-27,57
23,2025-07-04,56
23,2025-07-11,54
23,2025-07-18,50
23,2025-07-25,31
23,2025-08-01,16
23,2025-08-08,14
23,2025-08-15,12
23,2025-08-22,11
23,2025-08-29,8
23,2025-09-05,0
23,2025-09-12,0
23,2025-09-19,0
23,2025-09-26,0
23,2025-10-03,0
23,2025-10-10,74
23,2025-10-17,52
23,2025-10-24,46
23,2025-10-31,36
23,2025-11-07,22
23,2025-11-14,22
24,2025-05-23,72
24,2025-05-30,70
24,2025-06-06,60
24,2025-06-13,54
24,2025-06-20,49
24,2025-06-27,41
24,2025-07-04,41
24,2025-07-11,20
24,2025-07-18,2
24,2025-07-25,2
24,2025-08-01,0
24,2025-08-08,0
24,2025-08-15,69
24,2025-08-22,65
24,2025-08-29,61
24,2025-09-05,53
24,2025-09-12,47
24,2025-09-19,34
24,2025-09-26,25
24,2025-10-03,16
24,2025-10-10,11
24,2025-10-17,9
24,2025-10-24,96
24,2025-10-31,95
24,2025-11-07,86
24,2025-11-14,80
25,2025-05-23,172
25,2025-05-30,171
25,2025-06-06,163
25,2025-06-13,152
25,2025-06-20,145
25,2025-06-27,145
25,2025-07-04,143
25,2025-07-11,143
25,2025-07-18,132
25,2025-07-25,122
25,2025-08-01,121
25,2025-08-08,119
25,2025-08-15,118
25,2025-08-22,116
25,2025-08-29,105
25,2025-09-05,103
25,2025-09-12,84
25,2025-09-19,82
25,2025-09-26,79
25,2025-10-03,71
25,2025-10-10,70
25,2025-10-17,69
25,2025-10-24,53
25,2025-10-31,53
25,2025-11-07,44
25,2025-11-14,37
26,2025-05-23,88
26,2025-05-30,86
26,2025-06-06,78
26,2025-06-13,78
26,2025-06-20,76
26,2025-06-27,67
26,2025-07-04,53
26,2025-07-11,48
26,2025-07-18,47
26,2025-07-25,34
26,2025-08-01,33
26,2025-08-08,33
26,2025-08-15,33
26,2025-08-22,28
26,2025-08-29,73
26,2025-09-05,72
26,2025-09-12,71
26,2025-09-19,62
26,2025-09-26,62
26,2025-10-03,58
26,2025-10-10,51
26,2025-10-17,46
26,2025-10-24,43
26,2025-10-31,31
26,2025-11-07,28
26,2025-11-14,28
27,2025-05-23,184
27,2025-05-30,178
27,2025-06-06,174
27,2025-06-13,159
27,2025-06-20,153
27,2025-06-27,153
27,2025-07-04,152
27,2025-07-11,150
27,2025-07-18,146
27,2025-07-25,138
27,2025-08-01,131
27,2025-08-08,130
27,2025-08-15,126
27,2025-08-22,121
27,2025-08-29,113
27,2025-09-05,113
27,2025-09-12,111
27,2025-09-19,110
27,2025-09-26,103
27,2025-10-03,88
27,2025-10-10,84
27,2025-10-17,84
27,2025-10-24,78
27,2025-10-31,74
27,2025-11-07,73
27,2025-11-14,71
28,2025-05-23,104
28,2025-05-30,103
28,2025-06-06,97
28,2025-06-13,92
28,2025-06-20,88
28,2025-06-27,76
28,2025-07-04,73
28,2025-07-11,72
28,2025-07-18,69
28,2025-07-25,61
28,2025-08-01,59
28,2025-08-08,59
28,2025-08-15,55
28,2025-08-22,42
28,2025-08-29,42
28,2025-09-05,34
28,2025-09-12,31
28,2025-09-19,30
28,2025-09-26,22
28,2025-10-03,15
28,2025-10-10,12
28,2025-10-17,8
28,2025-10-24,0
28,2025-10-31,92
28,2025-11-07,78
28,2025-11-14,69
29,2025-05-23,85
29,2025-05-30,75
29,2025-06-06,65
29,2025-06-13,63
29,2025-06-20,61
29,2025-06-27,60
29,2025-07-04,51
29,2025-07-11,44
29,2025-07-18,42
29,2025-07-25,37
29,2025-08-01,20
29,2025-08-08,74
29,2025-08-15,72
29,2025-08-22,68
29,2025-08-29,66
29,2025-09-05,53
29,2025-09-12,53
29,2025-09-19,53
29,2025-09-26,44
29,2025-10-03,35
29,2025-10-10,28
29,2025-10-17,21
29,2025-10-24,99
29,2025-10-31,84
29,2025-11-07,84
29,2025-11-14,77
30,2025-05-23,121
30,2025-05-30,119
30,2025-06-06,106
30,2025-06-13,99
30,2025-06-20,99
30,2025-06-27,93
30,2025-07-04,93
30,2025-07-11,91
30,2025-07-18,85
30,2025-07-25,84
30,2025-08-01,80
30,2025-08-08,75
30,2025-08-15,75
30,2025-08-22,75
30,2025-08-29,70
30,2025-09-05,67
30,2025-09-12,62
30,2025-09-19,57
30,2025-09-26,56
30,2025-10-03,56
30,2025-10-10,56
30,2025-10-17,55
30,2025-10-24,49
30,2025-10-31,23
30,2025-11-07,23
30,2025-11-14,17
31,2025-05-23,82
31,2025-05-30,79
31,2025-06-06,78
31,2025-06-13,72
31,2025-06-20,67
31,2025-06-27,65
31,2025-07-04,61
31,2025-07-11,41
31,2025-07-18,36
31,2025-07-25,33
31,2025-08-01,33
31,2025-08-08,31
31,2025-08-15,27
31,2025-08-22,23
31,2025-08-29,13
31,2025-09-05,7
31,2025-09-12,0
31,2025-09-19,73
31,2025-09-26,68
31,2025-10-03,44
31,2025-10-10,43
31,2025-10-17,28
31,2025-10-24,28
31,2025-10-31,18
31,2025-11-07,16
31,2025-11-14,16
32,2025-05-23,76
32,2025-05-30,72
32,2025-06-06,72
32,2025-06-13,55
32,2025-06-20,47
32,2025-06-27,47
32,2025-07-04,36
32,2025-07-11,29
32,2025-07-18,25
32,2025-07-25,24
32,2025-08-01,24
32,2025-08-08,23
32,2025-08-15,23
32,2025-08-22,21
32,2025-08-29,17
32,2025-09-05,16
32,2025-09-12,97
32,2025-09-19,96
32,2025-09-26,96
32,2025-10-03,91
32,2025-10-10,69
32,2025-10-17,57
32,2025-10-24,44
32,2025-10-31,24
32,2025-11-07,22
32,2025-11-14,22
33,2025-05-23,103
33,2025-05-30,97
33,2025-06-06,90
33,2025-06-13,84
33,2025-06-20,84
33,2025-06-27,79
33,2025-07-04,79
33,2025-07-11,76
33,2025-07-18,71
33,2025-07-25,67
33,2025-08-01,65
33,2025-08-08,59
33,2025-08-15,59
33,2025-08-22,59
33,2025-08-29,50
33,2025-09-05,50
33,2025-09-12,41
33,2025-09-19,32
33,2025-09-26,29
33,2025-10-03,26
33,2025-10-10,20
33,2025-10-17,10
33,2025-10-24,101
33,2025-10-31,80
33,2025-11-07,79
33,2025-11-14,60
34,2025-05-23,86
34,2025-05-30,81
34,2025-06-06,80
34,2025-06-13,69
34,2025-06-20,59
34,2025-06-27,58
34,2025-07-04,56
34,2025-07-11,44
34,2025-07-18,33
34,2025-07-25,32
34,2025-08-01,32
34,2025-08-08,26
34,2025-08-15,72
34,2025-08-22,66
34,2025-08-29,56
34,2025-09-05,35
34,2025-09-12,34
34,2025-09-19,28
34,2025-09-26,27
34,2025-10-03,95
34,2025-10-10,80
34,2025-10-17,77
34,2025-10-24,77
34,2025-10-31,77
34,2025-11-07,70
34,2025-11-14,70
35,2025-05-23,169
35,2025-05-30,168
35,2025-06-06,167
35,2025-06-13,159
35,2025-06-20,158
35,2025-06-27,138
35,2025-07-04,120
35,2025-07-11,117
35,2025-07-18,112
35,2025-07-25,85
35,2025-08-01,84
35,2025-08-08,74
35,2025-08-15,67
35,2025-08-22,66
35,2025-08-29,64
35,2025-09-05,62
35,2025-09-12,62
35,2025-09-19,61
35,2025-09-26,60
35,2025-10-03,41
35,2025-10-10,41
35,2025-10-17,34
35,2025-10-24,33
35,2025-10-31,30
35,2025-11-07,30
35,2025-11-14,24
36,2025-05-23,130
36,2025-05-30,128
36,2025-06-06,120
36,2025-06-13,118
36,2025-06-20,113
36,2025-06-27,109
36,2025-07-04,93
36,2025-07-11,87
36,2025-07-18,79
36,2025-07-25,72
36,2025-08-01,67
36,2025-08-08,66
36,2025-08-15,63
36,2025-08-22,61
36,2025-08-29,61
36,2025-09-05,49
36,2025-09-12,42
36,2025-09-19,40
36,2025-09-26,38
36,2025-10-03,34
36,2025-10-10,23
36,2025-10-17,22
36,2025-10-24,17
36,2025-10-31,73
36,2025-11-07,73
36,2025-11-14,67
37,2025-05-23,111
37,2025-05-30,84
37,2025-06-06,65
37,2025-06-13,62
37,2025-06-20,50
37,2025-06-27,49
37,2025-07-04,34
37,2025-07-11,26
37,2025-07-18,22
37,2025-07-25,18
37,2025-08-01,107
37,2025-08-08,85
37,2025-08-15,84
37,2025-08-22,83
37,2025-08-29,74
37,2025-09-05,64
37,2025-09-12,57
37,2025-09-19,57
37,2025-09-26,57
37,2025-10-03,46
37,2025-10-10,35
37,2025-10-17,17
37,2025-10-24,13
37,2025-10-31,10
37,2025-11-07,5
37,2025-11-14,5
38,2025-05-23,144
38,2025-05-30,143
38,2025-06-06,131
38,2025-06-13,130
38,2025-06-20,130
38,2025-06-27,125
38,2025-07-04,119
38,2025-07-11,119
38,2025-07-18,119
38,2025-07-25,116
38,2025-08-01,109
38,2025-08-08,106
38,2025-08-15,106
38,2025-08-22,92
38,2025-08-29,86
38,2025-09-05,74
38,2025-09-12,57
38,2025-09-19,56
38,2025-09-26,47
38,2025-10-03,32
38,2025-10-10,24
38,2025-10-17,98
38,2025-10-24,92
38,2025-10-31,78
38,2025-11-07,75
38,2025-11-14,74
39,2025-05-23,53
39,2025-05-30,48
39,2025-06-06,43
39,2025-06-13,42
39,2025-06-20,38
39,2025-06-27,26
39,2025-07-04,23
39,2025-07-11,9
39,2025-07-18,8
39,2025-07-25,78
39,2025-08-01,75
39,2025-08-08,73
39,2025-08-15,64
39,2025-08-22,63
39,2025-08-29,49
39,2025-09-05,45
39,2025-09-12,39
39,2025-09-19,39
39,2025-09-26,30
39,2025-10-03,27
39,2025-10-10,26
39,2025-10-17,26
39,2025-10-24,16
39,2025-10-31,15
39,2025-11-07,0
39,2025-11-14,84
40,2025-05-23,105
40,2025-05-30,99
40,2025-06-06,99
40,2025-06-13,91
40,2025-06-20,86
40,2025-06-27,80
40,2025-07-04,70
40,2025-07-11,69
40,2025-07-18,67
40,2025-07-25,66
40,2025-08-01,59
40,2025-08-08,35
40,2025-08-15,26
40,2025-08-22,20
40,2025-08-29,70
40,2025-09-05,58
40,2025-09-12,56
40,2025-09-19,56
40,2025-09-26,55
40,2025-10-03,51
40,2025-10-10,42
40,2025-10-17,38
40,2025-10-24,36
40,2025-10-31,36
40,2025-11-07,26
40,2025-11-14,23
41,2025-05-23,53
41,2025-05-30,47
41,2025-06-06,41
41,2025-06-13,40
41,2025-06-20,29
41,2025-06-27,24
41,2025-07-04,23
41,2025-07-11,21
41,2025-07-18,18
41,2025-07-25,17
41,2025-08-01,100
41,2025-08-08,98
41,2025-08-15,93
41,2025-08-22,86
41,2025-08-29,86
41,2025-09-05,81
41,2025-09-12,79
41,2025-09-19,68
41,2025-09-26,58
41,2025-10-03,56
41,2025-10-10,51
41,2025-10-17,36
41,2025-10-24,24
41,2025-10-31,20
41,2025-11-07,11
41,2025-11-14,9
42,2025-05-23,67
42,2025-05-30,60
42,2025-06-06,60
42,2025-06-13,60
42,2025-06-20,45
42,2025-06-27,43
42,2025-07-04,29
42,2025-07-11,19
42,2025-07-18,18
42,2025-07-25,8
42,2025-08-01,8
42,2025-08-08,103
42,2025-08-15,103
42,2025-08-22,99
42,2025-08-29,98
42,2025-09-05,95
42,2025-09-12,75
42,2025-09-19,73
42,2025-09-26,69
42,2025-10-03,69
42,2025-10-10,64
42,2025-10-17,64
42,2025-10-24,58
42,2025-10-31,56
42,2025-11-07,54
42,2025-11-14,53
43,2025-05-23,183
43,2025-05-30,183
43,2025-06-06,171
43,2025-06-13,158
43,2025-06-20,158
43,2025-06-27,158
43,2025-07-04,152
43,2025-07-11,145
43,2025-07-18,143
43,2025-07-25,126
43,2025-08-01,115
43,2025-08-08,112
43,2025-08-15,102
43,2025-08-22,101
43,2025-08-29,93
43,2025-09-05,90
43,2025-09-12,85
43,2025-09-19,60
43,2025-09-26,57
43,2025-10-03,44
43,2025-10-10,40
43,2025-10-17,40
43,2025-10-24,34
43,2025-10-31,30
43,2025-11-07,26
43,2025-11-14,26
44,2025-05-23,103
44,2025-05-30,93
44,2025-06-06,93
44,2025-06-13,87
44,2025-06-20,82
44,2025-06-27,82
44,2025-07-04,81
44,2025-07-11,71
44,2025-07-18,64
44,2025-07-25,58
44,2025-08-01,51
44,2025-08-08,49
44,2025-08-15,42
44,2025-08-22,41
44,2025-08-29,29
44,2025-09-05,114
44,2025-09-12,114
44,2025-09-19,111
44,2025-09-26,108
44,2025-10-03,103
44,2025-10-10,98
44,2025-10-17,76
44,2025-10-24,68
44,2025-10-31,55
44,2025-11-07,50
44,2025-11-14,49
45,2025-05-23,56
45,2025-05-30,54
45,2025-06-06,53
45,2025-06-13,52
45,2025-06-20,49
45,2025-06-27,39
45,2025-07-04,30
45,2025-07-11,25
45,2025-07-18,20
45,2025-07-25,108
45,2025-08-01,95
45,2025-08-08,94
45,2025-08-15,88
45,2025-08-22,86
45,2025-08-29,68
45,2025-09-05,65
45,2025-09-12,62
45,2025-09-19,62
45,2025-09-26,48
45,2025-10-03,44
45,2025-10-10,44
45,2025-10-17,32
45,2025-10-24,32
45,2025-10-31,14
45,2025-11-07,103
45,2025-11-14,103
46,2025-05-23,144
46,2025-05-30,143
46,2025-06-06,140
46,2025-06-13,137
46,2025-06-20,120
46,2025-06-27,118
46,2025-07-04,116
46,2025-07-11,106
46,2025-07-18,88
46,2025-07-25,87
46,2025-08-01,87
46,2025-08-08,76
46,2025-08-15,68
46,2025-08-22,65
46,2025-08-29,51
46,2025-09-05,48
46,2025-09-12,43
46,2025-09-19,23
46,2025-09-26,19
46,2025-10-03,58
46,2025-10-10,57
46,2025-10-17,55
46,2025-10-24,54
46,2025-10-31,43
46,2025-11-07,41
46,2025-11-14,39
47,2025-05-23,92
47,2025-05-30,75
47,2025-06-06,75
47,2025-06-13,71
47,2025-06-20,67
47,2025-06-27,53
47,2025-07-04,46
47,2025-07-11,46
47,2025-07-18,41
47,2025-07-25,30
47,2025-08-01,25
47,2025-08-08,13
47,2025-08-15,9
47,2025-08-22,54
47,2025-08-29,49
47,2025-09-05,49
47,2025-09-12,47
47,2025-09-19,36
47,2025-09-26,30
47,2025-10-03,30
47,2025-10-10,24
47,2025-10-17,17
47,2025-10-24,0
47,2025-10-31,0
47,2025-11-07,0
47,2025-11-14,0
48,2025-05-23,150
48,2025-05-30,149
48,2025-06-06,140
48,2025-06-13,133
48,2025-06-20,129
48,2025-06-27,124
48,2025-07-04,112
48,2025-07-11,112
48,2025-07-18,112
48,2025-07-25,86
48,2025-08-01,78
48,2025-08-08,70
48,2025-08-15,62
48,2025-08-22,51
48,2025-08-29,49
48,2025-09-05,48
48,2025-09-12,46
48,2025-09-19,42
48,2025-09-26,36
48,2025-10-03,35
48,2025-10-10,34
48,2025-10-17,28
48,2025-10-24,17
48,2025-10-31,17
48,2025-11-07,15
48,2025-11-14,0
49,2025-05-23,130
49,2025-05-30,125
49,2025-06-06,125
49,2025-06-13,119
49,2025-06-20,116
49,2025-06-27,112
49,2025-07-04,107
49,2025-07-11,98
49,2025-07-18,89
49,2025-07-25,70
49,2025-08-01,66
49,2025-08-08,66
49,2025-08-15,47
49,2025-08-22,37
49,2025-08-29,33
49,2025-09-05,26
49,2025-09-12,22
49,2025-09-19,21
49,2025-09-26,19
49,2025-10-03,95
49,2025-10-10,94
49,2025-10-17,91
49,2025-10-24,90
49,2025-10-31,83
49,2025-11-07,78
49,2025-11-14,78
50,2025-05-23,145
50,2025-05-30,142
50,2025-06-06,126
50,2025-06-13,123
50,2025-06-20,123
50,2025-06-27,123
50,2025-07-04,115
50,2025-07-11,107
50,2025-07-18,104
50,2025-07-25,102
50,2025-08-01,102
50,2025-08-08,83
50,2025-08-15,80
50,2025-08-22,75
50,2025-08-29,73
50,2025-09-05,52
50,2025-09-12,51
50,2025-09-19,50
50,2025-09-26,46
50,2025-10-03,42
50,2025-10-10,42
50,2025-10-17,39
50,2025-10-24,39
50,2025-10-31,25
50,2025-11-07,16
50,2025-11-14,95
51,2025-05-23,121
51,2025-05-30,115
51,2025-06-06,113
51,2025-06-13,110
51,2025-06-20,108
51,2025-06-27,108
51,2025-07-04,105
51,2025-07-11,104
51,2025-07-18,103
51,2025-07-25,103
51,2025-08-01,102
51,2025-08-08,102
51,2025-08-15,100
51,2025-08-22,99
51,2025-08-29,97
51,2025-09-05,90
51,2025-09-12,79
51,2025-09-19,76
51,2025-09-26,75
51,2025-10-03,70
51,2025-10-10,69
51,2025-10-17,69
51,2025-10-24,61
51,2025-10-31,25
51,2025-11-07,25
51,2025-11-14,10
52,2025-05-23,111
52,2025-05-30,109
52,2025-06-06,96
52,2025-06-13,91
52,2025-06-20,88
52,2025-06-27,87
52,2025-07-04,74
52,2025-07-11,57
52,2025-07-18,56
52,2025-07-25,54
52,2025-08-01,47
52,2025-08-08,38
52,2025-08-15,33
52,2025-08-22,32
52,2025-08-29,29
52,2025-09-05,25
52,2025-09-12,14
52,2025-09-19,90
52,2025-09-26,90
52,2025-10-03,88
52,2025-10-10,83
52,2025-10-17,82
52,2025-10-24,80
52,2025-10-31,80
52,2025-11-07,80
52,2025-11-14,79
53,2025-05-23,140
53,2025-05-30,137
53,2025-06-06,137
53,2025-06-13,133
53,2025-06-20,126
53,2025-06-27,124
53,2025-07-04,122
53,2025-07-11,107
53,2025-07-18,107
53,2025-07-25,104
53,2025-08-01,100
53,2025-08-08,96
53,2025-08-15,96
53,2025-08-22,92
53,2025-08-29,90
53,2025-09-05,78
53,2025-09-12,75
53,2025-09-19,73
53,2025-09-26,67
53,2025-10-03,61
53,2025-10-10,51
53,2025-10-17,51
53,2025-10-24,48
53,2025-10-31,47
53,2025-11-07,47
53,2025-11-14,46
54,2025-05-23,89
54,2025-05-30,87
54,2025-06-06,80
54,2025-06-13,76
54,2025-06-20,69
54,2025-06-27,68
54,2025-07-04,63
54,2025-07-11,57
54,2025-07-18,55
54,2025-07-25,49
54,2025-08-01,47
54,2025-08-08,39
54,2025-08-15,27
54,2025-08-22,21
54,2025-08-29,18
54,2025-09-05,18
54,2025-09-12,75
54,2025-09-19,69
54,2025-09-26,61
54,2025-10-03,58
54,2025-10-10,54
54,2025-10-17,52
54,2025-10-24,51
54,2025-10-31,39
54,2025-11-07,12
54,2025-11-14,12
55,2025-05-23,114
55,2025-05-30,114
55,2025-06-06,110
55,2025-06-13,108
55,2025-06-20,92
55,2025-06-27,89
55,2025-07-04,82
55,2025-07-11,82
55,2025-07-18,82
55,2025-07-25,78
55,2025-08-01,78
55,2025-08-08,70
55,2025-08-15,69
55,2025-08-22,67
55,2025-08-29,67
55,2025-09-05,67
55,2025-09-12,66
55,2025-09-19,62
55,2025-09-26,36
55,2025-10-03,36
55,2025-10-10,28
55,2025-10-17,20
55,2025-10-24,19
55,2025-10-31,19
55,2025-11-07,6
55,2025-11-14,65
56,2025-05-23,144
56,2025-05-30,140
56,2025-06-06,128
56,2025-06-13,114
56,2025-06-20,112
56,2025-06-27,111
56,2025-07-04,110
56,2025-07-11,84
56,2025-07-18,83
56,2025-07-25,77
56,2025-08-01,68
56,2025-08-08,68
56,2025-08-15,68
56,2025-08-22,62
56,2025-08-29,45
56,2025-09-05,44
56,2025-09-12,41
56,2025-09-19,41
56,2025-09-26,38
56,2025-10-03,26
56,2025-10-10,65
56,2025-10-17,57
56,2025-10-24,57
56,2025-10-31,53
56,2025-11-07,52
56,2025-11-14,50
57,2025-05-23,71
57,2025-05-30,69
57,2025-06-06,59
57,2025-06-13,54
57,2025-06-20,41
57,2025-06-27,38
57,2025-07-04,38
57,2025-07-11,36
57,2025-07-18,33
57,2025-07-25,26
57,2025-08-01,26
57,2025-08-08,76
57,2025-08-15,70
57,2025-08-22,64
57,2025-08-29,59
57,2025-09-05,51
57,2025-09-12,39
57,2025-09-19,38
57,2025-09-26,35
57,2025-10-03,28
57,2025-10-10,119
57,2025-10-17,111
57,2025-10-24,109
57,2025-10-31,100
57,2025-11-07,100
57,2025-11-14,98
58,2025-05-23,148
58,2025-05-30,148
58,2025-06-06,148
58,2025-06-13,148
58,2025-06-20,145
58,2025-06-27,136
58,2025-07-04,127
58,2025-07-11,124
58,2025-07-18,90
58,2025-07-25,88
58,2025-08-01,81
58,2025-08-08,78
58,2025-08-15,77
58,2025-08-22,76
58,2025-08-29,70
58,2025-09-05,59
58,2025-09-12,57
58,2025-09-19,52
58,2025-09-26,35
58,2025-10-03,31
58,2025-10-10,31
58,2025-10-17,26
58,2025-10-24,26
58,2025-10-31,16
58,2025-11-07,1
58,2025-11-14,0
59,2025-05-23,182
59,2025-05-30,177
59,2025-06-06,174
59,2025-06-13,174
59,2025-06-20,163
59,2025-06-27,162
59,2025-07-04,136
59,2025-07-11,132
59,2025-07-18,131
59,2025-07-25,130
59,2025-08-01,125
59,2025-08-08,121
59,2025-08-15,120
59,2025-08-22,110
59,2025-08-29,109
59,2025-09-05,108
59,2025-09-12,96
59,2025-09-19,91
59,2025-09-26,83
59,2025-10-03,83
59,2025-10-10,78
59,2025-10-17,65
59,2025-10-24,64
59,2025-10-31,57
59,2025-11-07,52
59,2025-11-14,44
60,2025-05-23,128
60,2025-05-30,128
60,2025-06-06,127
60,2025-06-13,120
60,2025-06-20,107
60,2025-06-27,91
60,2025-07-04,90
60,2025-07-11,88
60,2025-07-18,87
60,2025-07-25,76
60,2025-08-01,64
60,2025-08-08,63
60,2025-08-15,57
60,2025-08-22,56
60,2025-08-29,55
60,2025-09-05,45
60,2025-09-12,34
60,2025-09-19,34
60,2025-09-26,28
60,2025-10-03,27
60,2025-10-10,64
60,2025-10-17,52
60,2025-10-24,48
60,2025-10-31,47
60,2025-11-07,46
60,2025-11-14,46
61,2025-05-23,68
61,2025-05-30,68
61,2025-06-06,65
61,2025-06-13,64
61,2025-06-20,64
61,2025-06-27,56
61,2025-07-04,49
61,2025-07-11,43
61,2025-07-18,41
61,2025-07-25,39
61,2025-08-01,35
61,2025-08-08,32
61,2025-08-15,32
61,2025-08-22,26
61,2025-08-29,26
61,2025-09-05,25
61,2025-09-12,24
61,2025-09-19,13
61,2025-09-26,9
61,2025-10-03,7
61,2025-10-10,0
61,2025-10-17,0
61,2025-10-24,0
61,2025-10-31,0
61,2025-11-07,0
61,2025-11-14,0
62,2025-05-23,150
62,2025-05-30,145
62,2025-06-06,144
62,2025-06-13,142
62,2025-06-20,141
62,2025-06-27,141
62,2025-07-04,133
62,2025-07-11,130
62,2025-07-18,129
62,2025-07-25,128
62,2025-08-01,125
62,2025-08-08,121
62,2025-08-15,113
62,2025-08-22,110
62,2025-08-29,100
62,2025-09-05,77
62,2025-09-12,75
62,2025-09-19,60
62,2025-09-26,57
62,2025-10-03,54
62,2025-10-10,52
62,2025-10-17,36
62,2025-10-24,29
62,2025-10-31,84
62,2025-11-07,72
62,2025-11-14,65
63,2025-05-23,127
63,2025-05-30,119
63,2025-06-06,112
63,2025-06-13,105
63,2025-06-20,103
63,2025-06-27,101
63,2025-07-04,98
63,2025-07-11,90
63,2025-07-18,67
63,2025-07-25,63
63,2025-08-01,63
63,2025-08-08,63
63,2025-08-15,53
63,2025-08-22,23
63,2025-08-29,0
63,2025-09-05,0
63,2025-09-12,0
63,2025-09-19,0
63,2025-09-26,0
63,2025-10-03,85
63,2025-10-10,85
63,2025-10-17,83
63,2025-10-24,82
63,2025-10-31,76
63,2025-11-07,75
63,2025-11-14,66
64,2025-05-23,136
64,2025-05-30,132
64,2025-06-06,123
64,2025-06-13,121
64,2025-06-20,118
64,2025-06-27,111
64,2025-07-04,102
64,2025-07-11,98
64,2025-07-18,95
64,2025-07-25,95
64,2025-08-01,93
64,2025-08-08,83
64,2025-08-15,71
64,2025-08-22,68
64,2025-08-29,66
64,2025-09-05,53
64,2025-09-12,53
64,2025-09-19,44
64,2025-09-26,38
64,2025-10-03,36
64,2025-10-10,23
64,2025-10-17,21
64,2025-10-24,12
64,2025-10-31,10
64,2025-11-07,6
64,2025-11-14,4
65,2025-05-23,121
65,2025-05-30,117
65,2025-06-06,115
65,2025-06-13,100
65,2025-06-20,96
65,2025-06-27,91
65,2025-07-04,86
65,2025-07-11,81
65,2025-07-18,81
65,2025-07-25,73
65,2025-08-01,69
65,2025-08-08,67
65,2025-08-15,61
65,2025-08-22,59
65,2025-08-29,56
65,2025-09-05,50
65,2025-09-12,42
65,2025-09-19,42
65,2025-09-26,42
65,2025-10-03,42
65,2025-10-10,27
65,2025-10-17,26
65,2025-10-24,24
65,2025-10-31,8
65,2025-11-07,5
65,2025-11-14,75
66,2025-05-23,49
66,2025-05-30,41
66,2025-06-06,41
66,2025-06-13,40
66,2025-06-20,39
66,2025-06-27,29
66,2025-07-04,23
66,2025-07-11,19
66,2025-07-18,75
66,2025-07-25,73
66,2025-08-01,68
66,2025-08-08,61
66,2025-08-15,57
66,2025-08-22,56
66,2025-08-29,55
66,2025-09-05,44
66,2025-09-12,44
66,2025-09-19,41
66,2025-09-26,40
66,2025-10-03,38
66,2025-10-10,37
66,2025-10-17,30
66,2025-10-24,30
66,2025-10-31,29
66,2025-11-07,25
66,2025-11-14,25
67,2025-05-23,114
67,2025-05-30,97
67,2025-06-06,97
67,2025-06-13,97
67,2025-06-20,86
67,2025-06-27,85
67,2025-07-04,76
67,2025-07-11,54
67,2025-07-18,30
67,2025-07-25,22
67,2025-08-01,18
67,2025-08-08,13
67,2025-08-15,106
67,2025-08-22,100
67,2025-08-29,92
67,2025-09-05,85
67,2025-09-12,76
67,2025-09-19,72
67,2025-09-26,65
67,2025-10-03,60
67,2025-10-10,59
67,2025-10-17,59
67,2025-10-24,59
67,2025-10-31,46
67,2025-11-07,35
67,2025-11-14,31
68,2025-05-23,102
68,2025-05-30,97
68,2025-06-06,87
68,2025-06-13,87
68,2025-06-20,78
68,2025-06-27,53
68,2025-07-04,52
68,2025-07-11,52
68,2025-07-18,43
68,2025-07-25,37
68,2025-08-01,29
68,2025-08-08,111
68,2025-08-15,110
68,2025-08-22,100
68,2025-08-29,100
68,2025-09-05,85
68,2025-09-12,85
68,2025-09-19,72
68,2025-09-26,71
68,2025-10-03,66
68,2025-10-10,64
68,2025-10-17,61
68,2025-10-24,55
68,2025-10-31,49
68,2025-11-07,49
68,2025-11-14,44
69,2025-05-23,143
69,2025-05-30,137
69,2025-06-06,130
69,2025-06-13,129
69,2025-06-20,129
69,2025-06-27,129
69,2025-07-04,127
69,2025-07-11,122
69,2025-07-18,115
69,2025-07-25,115
69,2025-08-01,112
69,2025-08-08,110
69,2025-08-15,108
69,2025-08-22,105
69,2025-08-29,105
69,2025-09-05,94
69,2025-09-12,92
69,2025-09-19,88
69,2025-09-26,87
69,2025-10-03,78
69,2025-10-10,78
69,2025-10-17,78
69,2025-10-24,72
69,2025-10-31,68
69,2025-11-07,68
69,2025-11-14,61
70,2025-05-23,185
70,2025-05-30,184
70,2025-06-06,183
70,2025-06-13,183
70,2025-06-20,182
70,2025-06-27,180
70,2025-07-04,179
70,2025-07-11,175
70,2025-07-18,156
70,2025-07-25,155
70,2025-08-01,146
70,2025-08-08,142
70,2025-08-15,137
70,2025-08-22,132
70,2025-08-29,131
70,2025-09-05,131
70,2025-09-12,126
70,2025-09-19,123
70,2025-09-26,103
70,2025-10-03,88
70,2025-10-10,85
70,2025-10-17,83
70,2025-10-24,72
70,2025-10-31,68
70,2025-11-07,53
70,2025-11-14,53
71,2025-05-23,176
71,2025-05-30,171
71,2025-06-06,168
71,2025-06-13,162
71,2025-06-20,162
71,2025-06-27,158
71,2025-07-04,153
71,2025-07-11,149
71,2025-07-18,149
71,2025-07-25,140
71,2025-08-01,140
71,2025-08-08,137
71,2025-08-15,134
71,2025-08-22,116
71,2025-08-29,115
71,2025-09-05,114
71,2025-09-12,109
71,2025-09-19,104
71,2025-09-26,94
71,2025-10-03,91
71,2025-10-10,71
71,2025-10-17,70
71,2025-10-24,67
71,2025-10-31,65
71,2025-11-07,60
71,2025-11-14,49
72,2025-05-23,134
72,2025-05-30,113
72,2025-06-06,102
72,2025-06-13,96
72,2025-06-20,91
72,2025-06-27,87
72,2025-07-04,82
72,2025-07-11,82
72,2025-07-18,81
72,2025-07-25,81
72,2025-08-01,76
72,2025-08-08,64
72,2025-08-15,50
72,2025-08-22,40
72,2025-08-29,38
72,2025-09-05,33
72,2025-09-12,28
72,2025-09-19,111
72,2025-09-26,102
72,2025-10-03,100
72,2025-10-10,90
72,2025-10-17,80
72,2025-10-24,76
72,2025-10-31,70
72,2025-11-07,68
72,2025-11-14,66
73,2025-05-23,118
73,2025-05-30,110
73,2025-06-06,107
73,2025-06-13,97
73,2025-06-20,93
73,2025-06-27,77
73,2025-07-04,56
73,2025-07-11,55
73,2025-07-18,55
73,2025-07-25,53
73,2025-08-01,51
73,2025-08-08,50
73,2025-08-15,48
73,2025-08-22,46
73,2025-08-29,46
73,2025-09-05,42
73,2025-09-12,37
73,2025-09-19,33
73,2025-09-26,25
73,2025-10-03,23
73,2025-10-10,20
73,2025-10-17,14
73,2025-10-24,3
73,2025-10-31,0
73,2025-11-07,0
73,2025-11-14,0
74,2025-05-23,116
74,2025-05-30,116
74,2025-06-06,115
74,2025-06-13,110
74,2025-06-20,105
74,2025-06-27,95
74,2025-07-04,83
74,2025-07-11,77
74,2025-07-18,73
74,2025-07-25,72
74,2025-08-01,63
74,2025-08-08,62
74,2025-08-15,58
74,2025-08-22,53
74,2025-08-29,50
74,2025-09-05,48
74,2025-09-12,44
74,2025-09-19,44
74,2025-09-26,39
74,2025-10-03,37
74,2025-10-10,31
74,2025-10-17,16
74,2025-10-24,12
74,2025-10-31,12
74,2025-11-07,4
74,2025-11-14,2
75,2025-05-23,118
75,2025-05-30,106
75,2025-06-06,105
75,2025-06-13,105
75,2025-06-20,102
75,2025-06-27,98
75,2025-07-04,90
75,2025-07-11,88
75,2025-07-18,74
75,2025-07-25,74
75,2025-08-01,74
75,2025-08-08,74
75,2025-08-15,71
75,2025-08-22,69
75,2025-08-29,69
75,2025-09-05,69
75,2025-09-12,67
75,2025-09-19,58
75,2025-09-26,55
75,2025-10-03,48
75,2025-10-10,35
75,2025-10-17,34
75,2025-10-24,26
75,2025-10-31,25
75,2025-11-07,0
75,2025-11-14,0
76,2025-05-23,134
76,2025-05-30,134
76,2025-06-06,132
76,2025-06-13,130
76,2025-06-20,119
76,2025-06-27,114
76,2025-07-04,114
76,2025-07-11,105
76,2025-07-18,100
76,2025-07-25,96
76,2025-08-01,90
76,2025-08-08,90
76,2025-08-15,90
76,2025-08-22,90
76,2025-08-29,89
76,2025-09-05,88
76,2025-09-12,84
76,2025-09-19,84
76,2025-09-26,82
76,2025-10-03,78
76,2025-10-10,75
76,2025-10-17,74
76,2025-10-24,69
76,2025-10-31,60
76,2025-11-07,48
76,2025-11-14,42
77,2025-05-23,101
77,2025-05-30,101
77,2025-06-06,98
77,2025-06-13,93
77,2025-06-20,91
77,2025-06-27,86
77,2025-07-04,80
77,2025-07-11,64
77,2025-07-18,59
77,2025-07-25,59
77,2025-08-01,50
77,2025-08-08,45
77,2025-08-15,35
77,2025-08-22,33
77,2025-08-29,26
77,2025-09-05,21
77,2025-09-12,14
77,2025-09-19,82
77,2025-09-26,82
77,2025-10-03,68
77,2025-10-10,67
77,2025-10-17,48
77,2025-10-24,35
77,2025-10-31,26
77,2025-11-07,17
77,2025-11-14,16
78,2025-05-23,108
78,2025-05-30,105
78,2025-06-06,101
78,2025-06-13,101
78,2025-06-20,96
78,2025-06-27,90
78,2025-07-04,90
78,2025-07-11,78
78,2025-07-18,78
78,2025-07-25,73
78,2025-08-01,68
78,2025-08-08,62
78,2025-08-15,38
78,2025-08-22,27
78,2025-08-29,24
78,2025-09-05,18
78,2025-09-12,8
78,2025-09-19,7
78,2025-09-26,6
78,2025-10-03,5
78,2025-10-10,64
78,2025-10-17,63
78,2025-10-24,59
78,2025-10-31,29
78,2025-11-07,14
78,2025-11-14,74
79,2025-05-23,133
79,2025-05-30,128
79,2025-06-06,128
79,2025-06-13,124
79,2025-06-20,117
79,2025-06-27,108
79,2025-07-04,107
79,2025-07-11,106
79,2025-07-18,100
79,2025-07-25,91
79,2025-08-01,87
79,2025-08-08,86
79,2025-08-15,83
79,2025-08-22,81
79,2025-08-29,81
79,2025-09-05,78
79,2025-09-12,76
79,2025-09-19,71
79,2025-09-26,69
79,2025-10-03,61
79,2025-10-10,58
79,2025-10-17,53
79,2025-10-24,52
79,2025-10-31,46
79,2025-11-07,35
79,2025-11-14,35
80,2025-05-23,123
80,2025-05-30,79
80,2025-06-06,71
80,2025-06-13,71
80,2025-06-20,65
80,2025-06-27,62
80,2025-07-04,62
80,2025-07-11,57
80,2025-07-18,57
80,2025-07-25,44
80,2025-08-01,43
80,2025-08-08,41
80,2025-08-15,35
80,2025-08-22,33
80,2025-08-29,28
80,2025-09-05,27
80,2025-09-12,21
80,2025-09-19,8
80,2025-09-26,7
80,2025-10-03,2
80,2025-10-10,1
80,2025-10-17,1
80,2025-10-24,0
80,2025-10-31,0
80,2025-11-07,0
80,2025-11-14,71
81,2025-05-23,93
81,2025-05-30,90
81,2025-06-06,90
81,2025-06-13,86
81,2025-06-20,78
81,2025-06-27,68
81,2025-07-04,49
81,2025-07-11,38
81,2025-07-18,34
81,2025-07-25,22
81,2025-08-01,22
81,2025-08-08,12
81,2025-08-15,0
81,2025-08-22,0
81,2025-08-29,0
81,2025-09-05,0
81,2025-09-12,0
81,2025-09-19,0
81,2025-09-26,65
81,2025-10-03,56
81,2025-10-10,43
81,2025-10-17,41
81,2025-10-24,41
81,2025-10-31,21
81,2025-11-07,86
81,2025-11-14,69
82,2025-05-23,82
82,2025-05-30,82
82,2025-06-06,69
82,2025-06-13,69
82,2025-06-20,62
82,2025-06-27,46
82,2025-07-04,46
82,2025-07-11,45
82,2025-07-18,37
82,2025-07-25,36
82,2025-08-01,34
82,2025-08-08,32
82,2025-08-15,31
82,2025-08-22,28
82,2025-08-29,22
82,2025-09-05,113
82,2025-09-12,112
82,2025-09-19,109
82,2025-09-26,103
82,2025-10-03,91
82,2025-10-10,76
82,2025-10-17,76
82,2025-10-24,76
82,2025-10-31,72
82,2025-11-07,70
82,2025-11-14,61
83,2025-05-23,199
83,2025-05-30,196
83,2025-06-06,194
83,2025-06-13,190
83,2025-06-20,189
83,2025-06-27,188
83,2025-07-04,182
83,2025-07-11,180
83,2025-07-18,179
83,2025-07-25,176
83,2025-08-01,170
83,2025-08-08,165
83,2025-08-15,156
83,2025-08-22,156
83,2025-08-29,155
83,2025-09-05,150
83,2025-09-12,146
83,2025-09-19,145
83,2025-09-26,122
83,2025-10-03,121
83,2025-10-10,116
83,2025-10-17,109
83,2025-10-24,108
83,2025-10-31,108
83,2025-11-07,103
83,2025-11-14,94
84,2025-05-23,74
84,2025-05-30,67
84,2025-06-06,67
84,2025-06-13,64
84,2025-06-20,57
84,2025-06-27,47
84,2025-07-04,46
84,2025-07-11,44
84,2025-07-18,43
84,2025-07-25,43
84,2025-08-01,20
84,2025-08-08,87
84,2025-08-15,82
84,2025-08-22,80
84,2025-08-29,70
84,2025-09-05,68
84,2025-09-12,66
84,2025-09-19,65
84,2025-09-26,60
84,2025-10-03,59
84,2025-10-10,53
84,2025-10-17,42
84,2025-10-24,32
84,2025-10-31,29
84,2025-11-07,87
84,2025-11-14,75
85,2025-05-23,62
85,2025-05-30,55
85,2025-06-06,45
85,2025-06-13,43
85,2025-06-20,39
85,2025-06-27,32
85,2025-07-04,12
85,2025-07-11,12
85,2025-07-18,9
85,2025-07-25,3
85,2025-08-01,60
85,2025-08-08,58
85,2025-08-15,53
85,2025-08-22,46
85,2025-08-29,39
85,2025-09-05,36
85,2025-09-12,24
85,2025-09-19,23
85,2025-09-26,23
85,2025-10-03,12
85,2025-10-10,11
85,2025-10-17,0
85,2025-10-24,0
85,2025-10-31,0
85,2025-11-07,0
85,2025-11-14,86
86,2025-05-23,148
86,2025-05-30,141
86,2025-06-06,137
86,2025-06-13,136
86,2025-06-20,136
86,2025-06-27,135
86,2025-07-04,120
86,2025-07-11,118
86,2025-07-18,108
86,2025-07-25,103
86,2025-08-01,101
86,2025-08-08,100
86,2025-08-15,72
86,2025-08-22,68
86,2025-08-29,66
86,2025-09-05,63
86,2025-09-12,58
86,2025-09-19,51
86,2025-09-26,51
86,2025-10-03,43
86,2025-10-10,40
86,2025-10-17,39
86,2025-10-24,39
86,2025-10-31,36
86,2025-11-07,25
86,2025-11-14,25
87,2025-05-23,105
87,2025-05-30,104
87,2025-06-06,100
87,2025-06-13,98
87,2025-06-20,97
87,2025-06-27,96
87,2025-07-04,94
87,2025-07-11,93
87,2025-07-18,84
87,2025-07-25,78
87,2025-08-01,75
87,2025-08-08,73
87,2025-08-15,67
87,2025-08-22,58
87,2025-08-29,58
87,2025-09-05,39
87,2025-09-12,34
87,2025-09-19,10
87,2025-09-26,10
87,2025-10-03,99
87,2025-10-10,87
87,2025-10-17,87
87,2025-10-24,79
87,2025-10-31,75
87,2025-11-07,52
87,2025-11-14,41
88,2025-05-23,50
88,2025-05-30,45
88,2025-06-06,44
88,2025-06-13,29
88,2025-06-20,29
88,2025-06-27,101
88,2025-07-04,97
88,2025-07-11,95
88,2025-07-18,82
88,2025-07-25,81
88,2025-08-01,75
88,2025-08-08,56
88,2025-08-15,54
88,2025-08-22,53
88,2025-08-29,52
88,2025-09-05,44
88,2025-09-12,40
88,2025-09-19,16
88,2025-09-26,98
88,2025-10-03,80
88,2025-10-10,58
88,2025-10-17,52
88,2025-10-24,49
88,2025-10-31,47
88,2025-11-07,20
88,2025-11-14,0
89,2025-05-23,91
89,2025-05-30,75
89,2025-06-06,62
89,2025-06-13,60
89,2025-06-20,58
89,2025-06-27,54
89,2025-07-04,53
89,2025-07-11,37
89,2025-07-18,32
89,2025-07-25,22
89,2025-08-01,22
89,2025-08-08,73
89,2025-08-15,72
89,2025-08-22,63
89,2025-08-29,49
89,2025-09-05,32
89,2025-09-12,32
89,2025-09-19,31
89,2025-09-26,31
89,2025-10-03,31
89,2025-10-10,104
89,2025-10-17,104
89,2025-10-24,100
89,2025-10-31,77
89,2025-11-07,76
89,2025-11-14,59
90,2025-05-23,180
90,2025-05-30,176
90,2025-06-06,176
90,2025-06-13,176
90,2025-06-20,170
90,2025-06-27,165
90,2025-07-04,165
90,2025-07-11,164
90,2025-07-18,155
90,2025-07-25,155
90,2025-08-01,154
90,2025-08-08,147
90,2025-08-15,141
90,2025-08-22,138
90,2025-08-29,138
90,2025-09-05,135
90,2025-09-12,130
90,2025-09-19,125
90,2025-09-26,125
90,2025-10-03,115
90,2025-10-10,108
90,2025-10-17,104
90,2025-10-24,102
90,2025-10-31,93
90,2025-11-07,93
90,2025-11-14,72
91,2025-05-23,155
91,2025-05-30,153
91,2025-06-06,152
91,2025-06-13,147
91,2025-06-20,139
91,2025-06-27,133
91,2025-07-04,132
91,2025-07-11,131
91,2025-07-18,123
91,2025-07-25,122
91,2025-08-01,122
91,2025-08-08,118
91,2025-08-15,110
91,2025-08-22,101
91,2025-08-29,101
91,2025-09-05,74
91,2025-09-12,74
91,2025-09-19,70
91,2025-09-26,66
91,2025-10-03,61
91,2025-10-10,52
91,2025-10-17,46
91,2025-10-24,34
91,2025-10-31,34
91,2025-11-07,30
91,2025-11-14,99
92,2025-05-23,120
92,2025-05-30,116
92,2025-06-06,113
92,2025-06-13,111
92,2025-06-20,108
92,2025-06-27,108
92,2025-07-04,102
92,2025-07-11,101
92,2025-07-18,100
92,2025-07-25,90
92,2025-08-01,81
92,2025-08-08,79
92,2025-08-15,69
92,2025-08-22,65
92,2025-08-29,54
92,2025-09-05,54
92,2025-09-12,54
92,2025-09-19,51
92,2025-09-26,51
92,2025-10-03,47
92,2025-10-10,42
92,2025-10-17,40
92,2025-10-24,18
92,2025-10-31,104
92,2025-11-07,95
92,2025-11-14,86
93,2025-05-23,119
93,2025-05-30,106
93,2025-06-06,106
93,2025-06-13,106
93,2025-06-20,90
93,2025-06-27,83
93,2025-07-04,76
93,2025-07-11,76
93,2025-07-18,65
93,2025-07-25,57
93,2025-08-01,46
93,2025-08-08,39
93,2025-08-15,27
93,2025-08-22,13
93,2025-08-29,85
93,2025-09-05,84
93,2025-09-12,84
93,2025-09-19,83
93,2025-09-26,71
93,2025-10-03,71
93,2025-10-10,69
93,2025-10-17,64
93,2025-10-24,63
93,2025-10-31,52
93,2025-11-07,45
93,2025-11-14,37
94,2025-05-23,157
94,2025-05-30,156
94,2025-06-06,155
94,2025-06-13,149
94,2025-06-20,148
94,2025-06-27,148
94,2025-07-04,137
94,2025-07-11,117
94,2025-07-18,116
94,2025-07-25,113
94,2025-08-01,100
94,2025-08-08,95
94,2025-08-15,95
94,2025-08-22,95
94,2025-08-29,94
94,2025-09-05,94
94,2025-09-12,91
94,2025-09-19,90
94,2025-09-26,90
94,2025-10-03,89
94,2025-10-10,83
94,2025-10-17,79
94,2025-10-24,79
94,2025-10-31,57
94,2025-11-07,48
94,2025-11-14,32
95,2025-05-23,114
95,2025-05-30,109
95,2025-06-06,108
95,2025-06-13,107
95,2025-06-20,107
95,2025-06-27,107
95,2025-07-04,98
95,2025-07-11,87
95,2025-07-18,85
95,2025-07-25,76
95,2025-08-01,70
95,2025-08-08,70
95,2025-08-15,70
95,2025-08-22,66
95,2025-08-29,65
95,2025-09-05,55
95,2025-09-12,53
95,2025-09-19,43
95,2025-09-26,41
95,2025-10-03,30
95,2025-10-10,110
95,2025-10-17,104
95,2025-10-24,102
95,2025-10-31,87
95,2025-11-07,80
95,2025-11-14,73
96,2025-05-23,165
96,2025-05-30,157
96,2025-06-06,150
96,2025-06-13,141
96,2025-06-20,138
96,2025-06-27,133
96,2025-07-04,129
96,2025-07-11,121
96,2025-07-18,113
96,2025-07-25,106
96,2025-08-01,106
96,2025-08-08,99
96,2025-08-15,88
96,2025-08-22,81
96,2025-08-29,69
96,2025-09-05,54
96,2025-09-12,40
96,2025-09-19,38
96,2025-09-26,31
96,2025-10-03,28
96,2025-10-10,26
96,2025-10-17,26
96,2025-10-24,22
96,2025-10-31,88
96,2025-11-07,83
96,2025-11-14,70
97,2025-05-23,92
97,2025-05-30,84
97,2025-06-06,75
97,2025-06-13,74
97,2025-06-20,68
97,2025-06-27,67
97,2025-07-04,64
97,2025-07-11,63
97,2025-07-18,63
97,2025-07-25,59
97,2025-08-01,57
97,2025-08-08,52
97,2025-08-15,48
97,2025-08-22,23
97,2025-08-29,20
97,2025-09-05,20
97,2025-09-12,20
97,2025-09-19,17
97,2025-09-26,105
97,2025-10-03,86
97,2025-10-10,84
97,2025-10-17,84
97,2025-10-24,76
97,2025-10-31,76
97,2025-11-07,40
97,2025-11-14,39
98,2025-05-23,33
98,2025-05-30,30
98,2025-06-06,28
98,2025-06-13,23
98,2025-06-20,21
98,2025-06-27,14
98,2025-07-04,6
98,2025-07-11,0
98,2025-07-18,0
98,2025-07-25,78
98,2025-08-01,75
98,2025-08-08,74
98,2025-08-15,63
98,2025-08-22,57
98,2025-08-29,43
98,2025-09-05,42
98,2025-09-12,42
98,2025-09-19,39
98,2025-09-26,37
98,2025-10-03,24
98,2025-10-10,22
98,2025-10-17,19
98,2025-10-24,95
98,2025-10-31,81
98,2025-11-07,74
98,2025-11-14,72
99,2025-05-23,142
99,2025-05-30,142
99,2025-06-06,127
99,2025-06-13,127
99,2025-06-20,117
99,2025-06-27,111
99,2025-07-04,106
99,2025-07-11,106
99,2025-07-18,92
99,2025-07-25,86
99,2025-08-01,85
99,2025-08-08,83
99,2025-08-15,77
99,2025-08-22,67
99,2025-08-29,61
99,2025-09-05,48
99,2025-09-12,41
99,2025-09-19,31
99,2025-09-26,28
99,2025-10-03,26
99,2025-10-10,22
99,2025-10-17,22
99,2025-10-24,21
99,2025-10-31,0
99,2025-11-07,0
99,2025-11-14,50
100,2025-05-23,72
100,2025-05-30,63
100,2025-06-06,51
100,2025-06-13,49
100,2025-06-20,43
100,2025-06-27,39
100,2025-07-04,38
100,2025-07-11,38
100,2025-07-18,37
100,2025-07-25,33
100,2025-08-01,24
100,2025-08-08,21
100,2025-08-15,63
100,2025-08-22,61
100,2025-08-29,59
100,2025-09-05,47
100,2025-09-12,41
100,2025-09-19,31
100,2025-09-26,19
100,2025-10-03,117
100,2025-10-10,87
100,2025-10-17,87
100,2025-10-24,87
100,2025-10-31,82
100,2025-11-07,79
100,2025-11-14,74
101,2025-05-23,140
101,2025-05-30,139
101,2025-06-06,138
101,2025-06-13,135
101,2025-06-20,135
101,2025-06-27,126
101,2025-07-04,122
101,2025-07-11,122
101,2025-07-18,117
101,2025-07-25,113
101,2025-08-01,112
101,2025-08-08,110
101,2025-08-15,94
101,2025-08-22,93
101,2025-08-29,90
101,2025-09-05,86
101,2025-09-12,82
101,2025-09-19,71
101,2025-09-26,64
101,2025-10-03,50
101,2025-10-10,50
101,2025-10-17,46
101,2025-10-24,46
101,2025-10-31,11
101,2025-11-07,8
101,2025-11-14,5
102,2025-05-23,66
102,2025-05-30,66
102,2025-06-06,64
102,2025-06-13,64
102,2025-06-20,64
102,2025-06-27,56
102,2025-07-04,37
102,2025-07-11,92
102,2025-07-18,89
102,2025-07-25,87
102,2025-08-01,62
102,2025-08-08,35
102,2025-08-15,27
102,2025-08-22,24
102,2025-08-29,10
102,2025-09-05,2
102,2025-09-12,0
102,2025-09-19,59
102,2025-09-26,53
102,2025-10-03,50
102,2025-10-10,48
102,2025-10-17,24
102,2025-10-24,18
102,2025-10-31,0
102,2025-11-07,0
102,2025-11-14,61
103,2025-05-23,124
103,2025-05-30,123
103,2025-06-06,120
103,2025-06-13,118
103,2025-06-20,116
103,2025-06-27,113
103,2025-07-04,111
103,2025-07-11,111
103,2025-07-18,111
103,2025-07-25,109
103,2025-08-01,101
103,2025-08-08,99
103,2025-08-15,94
103,2025-08-22,91
103,2025-08-29,91
103,2025-09-05,78
103,2025-09-12,77
103,2025-09-19,67
103,2025-09-26,67
103,2025-10-03,62
103,2025-10-10,54
103,2025-10-17,47
103,2025-10-24,47
103,2025-10-31,24
103,2025-11-07,11
103,2025-11-14,0
104,2025-05-23,96
104,2025-05-30,93
104,2025-06-06,77
104,2025-06-13,76
104,2025-06-20,74
104,2025-06-27,69
104,2025-07-04,68
104,2025-07-11,65
104,2025-07-18,63
104,2025-07-25,62
104,2025-08-01,57
104,2025-08-08,56
104,2025-08-15,53
104,2025-08-22,42
104,2025-08-29,29
104,2025-09-05,66
104,2025-09-12,59
104,2025-09-19,59
104,2025-09-26,47
104,2025-10-03,46
104,2025-10-10,46
104,2025-10-17,45
104,2025-10-24,45
104,2025-10-31,37
104,2025-11-07,27
104,2025-11-14,25
105,2025-05-23,120
105,2025-05-30,111
105,2025-06-06,104
105,2025-06-13,104
105,2025-06-20,99
105,2025-06-27,92
105,2025-07-04,87
105,2025-07-11,78
105,2025-07-18,78
105,2025-07-25,77
105,2025-08-01,76
105,2025-08-08,73
105,2025-08-15,73
105,2025-08-22,70
105,2025-08-29,63
105,2025-09-05,57
105,2025-09-12,48
105,2025-09-19,48
105,2025-09-26,47
105,2025-10-03,45
105,2025-10-10,44
105,2025-10-17,44
105,2025-10-24,37
105,2025-10-31,25
105,2025-11-07,100
105,2025-11-14,100
106,2025-05-23,80
106,2025-05-30,79
106,2025-06-06,68
106,2025-06-13,62
106,2025-06-20,40
106,2025-06-27,18
106,2025-07-04,93
106,2025-07-11,84
106,2025-07-18,84
106,2025-07-25,80
106,2025-08-01,79
106,2025-08-08,67
106,2025-08-15,48
106,2025-08-22,47
106,2025-08-29,37
106,2025-09-05,28
106,2025-09-12,24
106,2025-09-19,24
106,2025-09-26,22
106,2025-10-03,22
106,2025-10-10,18
106,2025-10-17,4
106,2025-10-24,64
106,2025-10-31,52
106,2025-11-07,47
106,2025-11-14,36
107,2025-05-23,51
107,2025-05-30,45
107,2025-06-06,44
107,2025-06-13,33
107,2025-06-20,27
107,2025-06-27,79
107,2025-07-04,63
107,2025-07-11,60
107,2025-07-18,55
107,2025-07-25,50
107,2025-08-01,27
107,2025-08-08,18
107,2025-08-15,6
107,2025-08-22,4
107,2025-08-29,0
107,2025-09-05,0
107,2025-09-12,0
107,2025-09-19,91
107,2025-09-26,77
107,2025-10-03,71
107,2025-10-10,57
107,2025-10-17,48
107,2025-10-24,41
107,2025-10-31,41
107,2025-11-07,36
107,2025-11-14,34
108,2025-05-23,95
108,2025-05-30,92
108,2025-06-06,88
108,2025-06-13,88
108,2025-06-20,87
108,2025-06-27,85
108,2025-07-04,82
108,2025-07-11,81
108,2025-07-18,77
108,2025-07-25,68
108,2025-08-01,67
108,2025-08-08,66
108,2025-08-15,64
108,2025-08-22,64
108,2025-08-29,53
108,2025-09-05,41
108,2025-09-12,37
108,2025-09-19,37
108,2025-09-26,23
108,2025-10-03,11
108,2025-10-10,11
108,2025-10-17,8
108,2025-10-24,65
108,2025-10-31,56
108,2025-11-07,50
108,2025-11-14,44
109,2025-05-23,129
109,2025-05-30,125
109,2025-06-06,123
109,2025-06-13,120
109,2025-06-20,119
109,2025-06-27,105
109,2025-07-04,99
109,2025-07-11,95
109,2025-07-18,92
109,2025-07-25,91
109,2025-08-01,86
109,2025-08-08,73
109,2025-08-15,69
109,2025-08-22,67
109,2025-08-29,62
109,2025-09-05,45
109,2025-09-12,37
109,2025-09-19,31
109,2025-09-26,23
109,2025-10-03,23
109,2025-10-10,17
109,2025-10-17,12
109,2025-10-24,5
109,2025-10-31,0
109,2025-11-07,65
109,2025-11-14,57
110,2025-05-23,71
110,2025-05-30,69
110,2025-06-06,67
110,2025-06-13,65
110,2025-06-20,63
110,2025-06-27,60
110,2025-07-04,57
110,2025-07-11,49
110,2025-07-18,48
110,2025-07-25,42
110,2025-08-01,37
110,2025-08-08,37
110,2025-08-15,28
110,2025-08-22,24
110,2025-08-29,100
110,2025-09-05,98
110,2025-09-12,93
110,2025-09-19,93
110,2025-09-26,85
110,2025-10-03,83
110,2025-10-10,69
110,2025-10-17,49
110,2025-10-24,39
110,2025-10-31,39
110,2025-11-07,35
110,2025-11-14,30
111,2025-05-23,161
111,2025-05-30,155
111,2025-06-06,155
111,2025-06-13,153
111,2025-06-20,150
111,2025-06-27,149
111,2025-07-04,140
111,2025-07-11,133
111,2025-07-18,131
111,2025-07-25,118
111,2025-08-01,111
111,2025-08-08,98
111,2025-08-15,90
111,2025-08-22,88
111,2025-08-29,83
111,2025-09-05,83
111,2025-09-12,82
111,2025-09-19,81
111,2025-09-26,67
111,2025-10-03,56
111,2025-10-10,54
111,2025-10-17,48
111,2025-10-24,44
111,2025-10-31,40
111,2025-11-07,38
111,2025-11-14,22
112,2025-05-23,105
112,2025-05-30,104
112,2025-06-06,101
112,2025-06-13,83
112,2025-06-20,78
112,2025-06-27,77
112,2025-07-04,73
112,2025-07-11,69
112,2025-07-18,59
112,2025-07-25,50
112,2025-08-01,50
112,2025-08-08,47
112,2025-08-15,35
112,2025-08-22,22
112,2025-08-29,20
112,2025-09-05,12
112,2025-09-12,95
112,2025-09-19,91
112,2025-09-26,79
112,2025-10-03,77
112,2025-10-10,77
112,2025-10-17,77
112,2025-10-24,74
112,2025-10-31,57
112,2025-11-07,54
112,2025-11-14,51
113,2025-05-23,89
113,2025-05-30,88
113,2025-06-06,87
113,2025-06-13,87
113,2025-06-20,76
113,2025-06-27,64
113,2025-07-04,59
113,2025-07-11,59
113,2025-07-18,51
113,2025-07-25,43
113,2025-08-01,33
113,2025-08-08,26
113,2025-08-15,25
113,2025-08-22,92
113,2025-08-29,91
113,2025-09-05,91
113,2025-09-12,85
113,2025-09-19,78
113,2025-09-26,78
113,2025-10-03,71
113,2025-10-10,67
113,2025-10-17,61
113,2025-10-24,61
113,2025-10-31,61
113,2025-11-07,60
113,2025-11-14,59
114,2025-05-23,164
114,2025-05-30,163
114,2025-06-06,163
114,2025-06-13,160
114,2025-06-20,149
114,2025-06-27,149
114,2025-07-04,142
114,2025-07-11,141
114,2025-07-18,131
114,2025-07-25,122
114,2025-08-01,114
114,2025-08-08,104
114,2025-08-15,95
114,2025-08-22,89
114,2025-08-29,89
114,2025-09-05,84
114,2025-09-12,82
114,2025-09-19,77
114,2025-09-26,73
114,2025-10-03,66
114,2025-10-10,59
114,2025-10-17,50
114,2025-10-24,46
114,2025-10-31,26
114,2025-11-07,22
114,2025-11-14,22
115,2025-05-23,106
115,2025-05-30,106
115,2025-06-06,102
115,2025-06-13,101
115,2025-06-20,91
115,2025-06-27,89
115,2025-07-04,89
115,2025-07-11,89
115,2025-07-18,79
115,2025-07-25,79
115,2025-08-01,79
115,2025-08-08,77
115,2025-08-15,74
115,2025-08-22,61
115,2025-08-29,56
115,2025-09-05,49
115,2025-09-12,49
115,2025-09-19,48
115,2025-09-26,39
115,2025-10-03,31
115,2025-10-10,22
115,2025-10-17,17
115,2025-10-24,80
115,2025-10-31,78
115,2025-11-07,75
115,2025-11-14,66
116,2025-05-23,157
116,2025-05-30,148
116,2025-06-06,145
116,2025-06-13,139
116,2025-06-20,139
116,2025-06-27,136
116,2025-07-04,132
116,2025-07-11,132
116,2025-07-18,128
116,2025-07-25,110
116,2025-08-01,98
116,2025-08-08,92
116,2025-08-15,91
116,2025-08-22,90
116,2025-08-29,74
116,2025-09-05,73
116,2025-09-12,72
116,2025-09-19,68
116,2025-09-26,42
116,2025-10-03,27
116,2025-10-10,21
116,2025-10-17,13
116,2025-10-24,0
116,2025-10-31,0
116,2025-11-07,0
116,2025-11-14,53
117,2025-05-23,189
117,2025-05-30,183
117,2025-06-06,166
117,2025-06-13,153
117,2025-06-20,145
117,2025-06-27,143
117,2025-07-04,138
117,2025-07-11,138
117,2025-07-18,124
117,2025-07-25,109
117,2025-08-01,108
117,2025-08-08,102
117,2025-08-15,101
117,2025-08-22,91
117,2025-08-29,77
117,2025-09-05,72
117,2025-09-12,71
117,2025-09-19,62
117,2025-09-26,56
117,2025-10-03,50
117,2025-10-10,49
117,2025-10-17,40
117,2025-10-24,34
117,2025-10-31,21
117,2025-11-07,21
117,2025-11-14,20
118,2025-05-23,166
118,2025-05-30,152
118,2025-06-06,152
118,2025-06-13,132
118,2025-06-20,131
118,2025-06-27,130
118,2025-07-04,127
118,2025-07-11,127
118,2025-07-18,112
118,2025-07-25,112
118,2025-08-01,105
118,2025-08-08,102
118,2025-08-15,91
118,2025-08-22,83
118,2025-08-29,76
118,2025-09-05,73
118,2025-09-12,65
118,2025-09-19,60
118,2025-09-26,55
118,2025-10-03,55
118,2025-10-10,54
118,2025-10-17,49
118,2025-10-24,45
118,2025-10-31,45
118,2025-11-07,27
118,2025-11-14,21
119,2025-05-23,61
119,2025-05-30,61
119,2025-06-06,58
119,2025-06-13,51
119,2025-06-20,45
119,2025-06-27,44
119,2025-07-04,42
119,2025-07-11,36
119,2025-07-18,28
119,2025-07-25,28
119,2025-08-01,25
119,2025-08-08,21
119,2025-08-15,21
119,2025-08-22,12
119,2025-08-29,12
119,2025-09-05,12
119,2025-09-12,0
119,2025-09-19,0
119,2025-09-26,0
119,2025-10-03,0
119,2025-10-10,52
119,2025-10-17,49
119,2025-10-24,39
119,2025-10-31,31
119,2025-11-07,27
119,2025-11-14,24
120,2025-05-23,72
120,2025-05-30,72
120,2025-06-06,57
120,2025-06-13,54
120,2025-06-20,54
120,2025-06-27,54
120,2025-07-04,54
120,2025-07-11,52
120,2025-07-18,52
120,2025-07-25,40
120,2025-08-01,30
120,2025-08-08,26
120,2025-08-15,26
120,2025-08-22,25
120,2025-08-29,22
120,2025-09-05,74
120,2025-09-12,68
120,2025-09-19,68
120,2025-09-26,68
120,2025-10-03,68
120,2025-10-10,62
120,2025-10-17,54
120,2025-10-24,41
120,2025-10-31,36
120,2025-11-07,25
120,2025-11-14,24
121,2025-05-23,82
121,2025-05-30,82
121,2025-06-06,79
121,2025-06-13,77
121,2025-06-20,76
121,2025-06-27,63
121,2025-07-04,48
121,2025-07-11,47
121,2025-07-18,46
121,2025-07-25,44
121,2025-08-01,43
121,2025-08-08,41
121,2025-08-15,23
121,2025-08-22,8
121,2025-08-29,8
121,2025-09-05,7
121,2025-09-12,3
121,2025-09-19,0
121,2025-09-26,0
121,2025-10-03,0
121,2025-10-10,0
121,2025-10-17,0
121,2025-10-24,0
121,2025-10-31,0
121,2025-11-07,0
121,2025-11-14,0
122,2025-05-23,149
122,2025-05-30,137
122,2025-06-06,127
122,2025-06-13,126
122,2025-06-20,116
122,2025-06-27,114
122,2025-07-04,113
122,2025-07-11,102
122,2025-07-18,95
122,2025-07-25,79
122,2025-08-01,64
122,2025-08-08,63
122,2025-08-15,63
122,2025-08-22,49
122,2025-08-29,36
122,2025-09-05,31
122,2025-09-12,5
122,2025-09-19,3
122,2025-09-26,3
122,2025-10-03,76
122,2025-10-10,62
122,2025-10-17,62
122,2025-10-24,61
122,2025-10-31,44
122,2025-11-07,36
122,2025-11-14,23
123,2025-05-23,167
123,2025-05-30,165
123,2025-06-06,160
123,2025-06-13,153
123,2025-06-20,141
123,2025-06-27,141
123,2025-07-04,141
123,2025-07-11,140
123,2025-07-18,139
123,2025-07-25,126
123,2025-08-01,121
123,2025-08-08,120
123,2025-08-15,119
123,2025-08-22,118
123,2025-08-29,105
123,2025-09-05,101
123,2025-09-12,100
123,2025-09-19,100
123,2025-09-26,91
123,2025-10-03,79
123,2025-10-10,73
123,2025-10-17,73
123,2025-10-24,62
123,2025-10-31,58
123,2025-11-07,37
123,2025-11-14,33
124,2025-05-23,99
124,2025-05-30,94
124,2025-06-06,84
124,2025-06-13,84
124,2025-06-20,80
124,2025-06-27,71
124,2025-07-04,63
124,2025-07-11,52
124,2025-07-18,45
124,2025-07-25,44
124,2025-08-01,24
124,2025-08-08,11
124,2025-08-15,7
124,2025-08-22,63
124,2025-08-29,53
124,2025-09-05,52
124,2025-09-12,49
124,2025-09-19,42
124,2025-09-26,42
124,2025-10-03,35
124,2025-10-10,26
124,2025-10-17,16
124,2025-10-24,0
124,2025-10-31,0
124,2025-11-07,0
124,2025-11-14,60
125,2025-05-23,180
125,2025-05-30,175
125,2025-06-06,174
125,2025-06-13,169
125,2025-06-20,169
125,2025-06-27,167
125,2025-07-04,161
125,2025-07-11,159
125,2025-07-18,145
125,2025-07-25,145
125,2025-08-01,138
125,2025-08-08,132
125,2025-08-15,130
125,2025-08-22,120
125,2025-08-29,118
125,2025-09-05,112
125,2025-09-12,107
125,2025-09-19,101
125,2025-09-26,93
125,2025-10-03,93
125,2025-10-10,89
125,2025-10-17,85
125,2025-10-24,85
125,2025-10-31,81
125,2025-11-07,74
125,2025-11-14,72
126,2025-05-23,52
126,2025-05-30,48
126,2025-06-06,45
126,2025-06-13,34
126,2025-06-20,26
126,2025-06-27,23
126,2025-07-04,9
126,2025-07-11,0
126,2025-07-18,59
126,2025-07-25,53
126,2025-08-01,33
126,2025-08-08,32
126,2025-08-15,2
126,2025-08-22,1
126,2025-08-29,0
126,2025-09-05,0
126,2025-09-12,0
126,2025-09-19,0
126,2025-09-26,0
126,2025-10-03,0
126,2025-10-10,72
126,2025-10-17,65
126,2025-10-24,60
126,2025-10-31,28
126,2025-11-07,17
126,2025-11-14,1
127,2025-05-23,134
127,2025-05-30,133
127,2025-06-06,123
127,2025-06-13,119
127,2025-06-20,119
127,2025-06-27,117
127,2025-07-04,108
127,2025-07-11,105
127,2025-07-18,105
127,2025-07-25,100
127,2025-08-01,97
127,2025-08-08,96
127,2025-08-15,91
127,2025-08-22,91
127,2025-08-29,74
127,2025-09-05,68
127,2025-09-12,55
127,2025-09-19,54
127,2025-09-26,44
127,2025-10-03,42
127,2025-10-10,37
127,2025-10-17,36
127,2025-10-24,35
127,2025-10-31,32
127,2025-11-07,32
127,2025-11-14,20
128,2025-05-23,97
128,2025-05-30,91
128,2025-06-06,70
128,2025-06-13,60
128,2025-06-20,60
128,2025-06-27,54
128,2025-07-04,54
128,2025-07-11,54
128,2025-07-18,38
128,2025-07-25,38
128,2025-08-01,32
128,2025-08-08,29
128,2025-08-15,23
128,2025-08-22,23
128,2025-08-29,3
128,2025-09-05,77
128,2025-09-12,74
128,2025-09-19,73
128,2025-09-26,61
128,2025-10-03,58
128,2025-10-10,46
128,2025-10-17,46
128,2025-10-24,40
128,2025-10-31,40
128,2025-11-07,90
128,2025-11-14,89
129,2025-05-23,168
129,2025-05-30,168
129,2025-06-06,155
129,2025-06-13,149
129,2025-06-20,142
129,2025-06-27,136
129,2025-07-04,128
129,2025-07-11,122
129,2025-07-18,102
129,2025-07-25,102
129,2025-08-01,96
129,2025-08-08,96
129,2025-08-15,93
129,2025-08-22,79
129,2025-08-29,76
129,2025-09-05,73
129,2025-09-12,68
129,2025-09-19,62
129,2025-09-26,60
129,2025-10-03,54
129,2025-10-10,52
129,2025-10-17,51
129,2025-10-24,49
129,2025-10-31,49
129,2025-11-07,48
129,2025-11-14,41
130,2025-05-23,112
130,2025-05-30,112
130,2025-06-06,109
130,2025-06-13,107
130,2025-06-20,99
130,2025-06-27,94
130,2025-07-04,90
130,2025-07-11,88
130,2025-07-18,85
130,2025-07-25,83
130,2025-08-01,82
130,2025-08-08,82
130,2025-08-15,74
130,2025-08-22,68
130,2025-08-29,66
130,2025-09-05,65
130,2025-09-12,56
130,2025-09-19,50
130,2025-09-26,38
130,2025-10-03,34
130,2025-10-10,33
130,2025-10-17,30
130,2025-10-24,28
130,2025-10-31,22
130,2025-11-07,102
130,2025-11-14,91
131,2025-05-23,75
131,2025-05-30,75
131,2025-06-06,75
131,2025-06-13,68
131,2025-06-20,61
131,2025-06-27,60
131,2025-07-04,59
131,2025-07-11,48
131,2025-07-18,35
131,2025-07-25,32
131,2025-08-01,32
131,2025-08-08,32
131,2025-08-15,24
131,2025-08-22,23
131,2025-08-29,22
131,2025-09-05,17
131,2025-09-12,96
131,2025-09-19,95
131,2025-09-26,94
131,2025-10-03,81
131,2025-10-10,79
131,2025-10-17,79
131,2025-10-24,64
131,2025-10-31,64
131,2025-11-07,56
131,2025-11-14,49
132,2025-05-23,173
132,2025-05-30,168
132,2025-06-06,167
132,2025-06-13,162
132,2025-06-20,156
132,2025-06-27,145
132,2025-07-04,145
132,2025-07-11,145
132,2025-07-18,142
132,2025-07-25,129
132,2025-08-01,122
132,2025-08-08,122
132,2025-08-15,113
132,2025-08-22,110
132,2025-08-29,107
132,2025-09-05,105
132,2025-09-12,92
132,2025-09-19,88
132,2025-09-26,88
132,2025-10-03,86
132,2025-10-10,82
132,2025-10-17,77
132,2025-10-24,69
132,2025-10-31,44
132,2025-11-07,22
132,2025-11-14,22
133,2025-05-23,119
133,2025-05-30,113
133,2025-06-06,104
133,2025-06-13,97
133,2025-06-20,96
133,2025-06-27,96
133,2025-07-04,96
133,2025-07-11,94
133,2025-07-18,74
133,2025-07-25,70
133,2025-08-01,54
133,2025-08-08,41
133,2025-08-15,41
133,2025-08-22,40
133,2025-08-29,40
133,2025-09-05,32
133,2025-09-12,31
133,2025-09-19,28
133,2025-09-26,28
133,2025-10-03,78
133,2025-10-10,70
133,2025-10-17,70
133,2025-10-24,66
133,2025-10-31,54
133,2025-11-07,53
133,2025-11-14,53
134,2025-05-23,50
134,2025-05-30,50
134,2025-06-06,38
134,2025-06-13,36
134,2025-06-20,35
134,2025-06-27,35
134,2025-07-04,32
134,2025-07-11,28
134,2025-07-18,13
134,2025-07-25,13
134,2025-08-01,0
134,2025-08-08,0
134,2025-08-15,0
134,2025-08-22,0
134,2025-08-29,0
134,2025-09-05,92
134,2025-09-12,85
134,2025-09-19,57
134,2025-09-26,55
134,2025-10-03,37
134,2025-10-10,37
134,2025-10-17,35
134,2025-10-24,23
134,2025-10-31,23
134,2025-11-07,115
134,2025-11-14,107
135,2025-05-23,130
135,2025-05-30,127
135,2025-06-06,121
135,2025-06-13,121
135,2025-06-20,121
135,2025-06-27,109
135,2025-07-04,108
135,2025-07-11,105
135,2025-07-18,102
135,2025-07-25,100
135,2025-08-01,94
135,2025-08-08,92
135,2025-08-15,89
135,2025-08-22,87
135,2025-08-29,80
135,2025-09-05,80
135,2025-09-12,76
135,2025-09-19,74
135,2025-09-26,69
135,2025-10-03,66
135,2025-10-10,63
135,2025-10-17,49
135,2025-10-24,46
135,2025-10-31,45
135,2025-11-07,43
135,2025-11-14,32
136,2025-05-23,94
136,2025-05-30,82
136,2025-06-06,76
136,2025-06-13,76
136,2025-06-20,72
136,2025-06-27,68
136,2025-07-04,66
136,2025-07-11,59
136,2025-07-18,48
136,2025-07-25,21
136,2025-08-01,14
136,2025-08-08,106
136,2025-08-15,104
136,2025-08-22,100
136,2025-08-29,89
136,2025-09-05,81
136,2025-09-12,66
136,2025-09-19,66
136,2025-09-26,65
136,2025-10-03,62
136,2025-10-10,61
136,2025-10-17,60
136,2025-10-24,58
136,2025-10-31,55
136,2025-11-07,53
136,2025-11-14,53
137,2025-05-23,116
137,2025-05-30,113
137,2025-06-06,112
137,2025-06-13,99
137,2025-06-20,98
137,2025-06-27,98
137,2025-07-04,96
137,2025-07-11,91
137,2025-07-18,89
137,2025-07-25,83
137,2025-08-01,83
137,2025-08-08,70
137,2025-08-15,70
137,2025-08-22,60
137,2025-08-29,58
137,2025-09-05,52
137,2025-09-12,51
137,2025-09-19,51
137,2025-09-26,50
137,2025-10-03,49
137,2025-10-10,42
137,2025-10-17,33
137,2025-10-24,30
137,2025-10-31,27
137,2025-11-07,24
137,2025-11-14,10
138,2025-05-23,105
138,2025-05-30,91
138,2025-06-06,85
138,2025-06-13,83
138,2025-06-20,79
138,2025-06-27,78
138,2025-07-04,74
138,2025-07-11,67
138,2025-07-18,67
138,2025-07-25,57
138,2025-08-01,52
138,2025-08-08,50
138,2025-08-15,49
138,2025-08-22,40
138,2025-08-29,33
138,2025-09-05,16
138,2025-09-12,3
138,2025-09-19,0
138,2025-09-26,0
138,2025-10-03,0
138,2025-10-10,80
138,2025-10-17,61
138,2025-10-24,61
138,2025-10-31,59
138,2025-11-07,44
138,2025-11-14,41
139,2025-05-23,56
139,2025-05-30,48
139,2025-06-06,39
139,2025-06-13,38
139,2025-06-20,37
139,2025-06-27,28
139,2025-07-04,14
139,2025-07-11,65
139,2025-07-18,64
139,2025-07-25,64
139,2025-08-01,53
139,2025-08-08,39
139,2025-08-15,34
139,2025-08-22,34
139,2025-08-29,25
139,2025-09-05,12
139,2025-09-12,10
139,2025-09-19,0
139,2025-09-26,0
139,2025-10-03,0
139,2025-10-10,0
139,2025-10-17,86
139,2025-10-24,85
139,2025-10-31,73
139,2025-11-07,69
139,2025-11-14,61
140,2025-05-23,137
140,2025-05-30,136
140,2025-06-06,121
140,2025-06-13,119
140,2025-06-20,115
140,2025-06-27,113
140,2025-07-04,113
140,2025-07-11,113
140,2025-07-18,111
140,2025-07-25,105
140,2025-08-01,105
140,2025-08-08,105
140,2025-08-15,101
140,2025-08-22,96
140,2025-08-29,95
140,2025-09-05,94
140,2025-09-12,70
140,2025-09-19,70
140,2025-09-26,66
140,2025-10-03,61
140,2025-10-10,61
140,2025-10-17,58
140,2025-10-24,48
140,2025-10-31,45
140,2025-11-07,39
140,2025-11-14,36
141,2025-05-23,119
141,2025-05-30,118
141,2025-06-06,112
141,2025-06-13,112
141,2025-06-20,108
141,2025-06-27,99
141,2025-07-04,95
141,2025-07-11,86
141,2025-07-18,73
141,2025-07-25,58
141,2025-08-01,53
141,2025-08-08,41
141,2025-08-15,41
141,2025-08-22,40
141,2025-08-29,37
141,2025-09-05,36
141,2025-09-12,35
141,2025-09-19,18
141,2025-09-26,108
141,2025-10-03,107
141,2025-10-10,100
141,2025-10-17,88
141,2025-10-24,80
141,2025-10-31,80
141,2025-11-07,76
141,2025-11-14,75
142,2025-05-23,67
142,2025-05-30,64
142,2025-06-06,53
142,2025-06-13,50
142,2025-06-20,47
142,2025-06-27,42
142,2025-07-04,31
142,2025-07-11,29
142,2025-07-18,29
142,2025-07-25,29
142,2025-08-01,20
142,2025-08-08,14
142,2025-08-15,14
142,2025-08-22,8
142,2025-08-29,7
142,2025-09-05,7
142,2025-09-12,7
142,2025-09-19,4
142,2025-09-26,50
142,2025-10-03,49
142,2025-10-10,49
142,2025-10-17,44
142,2025-10-24,36
142,2025-10-31,28
142,2025-11-07,21
142,2025-11-14,6
143,2025-05-23,53
143,2025-05-30,42
143,2025-06-06,34
143,2025-06-13,20
143,2025-06-20,82
143,2025-06-27,74
143,2025-07-04,70
143,2025-07-11,64
143,2025-07-18,62
143,2025-07-25,55
143,2025-08-01,55
143,2025-08-08,53
143,2025-08-15,47
143,2025-08-22,47
143,2025-08-29,47
143,2025-09-05,39
143,2025-09-12,39
143,2025-09-19,37
143,2025-09-26,24
143,2025-10-03,14
143,2025-10-10,4
143,2025-10-17,94
143,2025-10-24,93
143,2025-10-31,91
143,2025-11-07,91
143,2025-11-14,91
144,2025-05-23,169
144,2025-05-30,168
144,2025-06-06,168
144,2025-06-13,168
144,2025-06-20,161
144,2025-06-27,155
144,2025-07-04,142
144,2025-07-11,141
144,2025-07-18,140
144,2025-07-25,136
144,2025-08-01,128
144,2025-08-08,120
144,2025-08-15,111
144,2025-08-22,109
144,2025-08-29,109
144,2025-09-05,108
144,2025-09-12,90
144,2025-09-19,90
144,2025-09-26,80
144,2025-10-03,72
144,2025-10-10,70
144,2025-10-17,54
144,2025-10-24,47
144,2025-10-31,46
144,2025-11-07,36
144,2025-11-14,32
145,2025-05-23,70
145,2025-05-30,59
145,2025-06-06,58
145,2025-06-13,58
145,2025-06-20,54
145,2025-06-27,50
145,2025-07-04,48
145,2025-07-11,33
145,2025-07-18,23
145,2025-07-25,21
145,2025-08-01,109
145,2025-08-08,101
145,2025-08-15,91
145,2025-08-22,87
145,2025-08-29,79
145,2025-09-05,78
145,2025-09-12,75
145,2025-09-19,66
145,2025-09-26,61
145,2025-10-03,50
145,2025-10-10,45
145,2025-10-17,37
145,2025-10-24,34
145,2025-10-31,24
145,2025-11-07,86
145,2025-11-14,66
146,2025-05-23,68
146,2025-05-30,64
146,2025-06-06,51
146,2025-06-13,45
146,2025-06-20,43
146,2025-06-27,42
146,2025-07-04,41
146,2025-07-11,38
146,2025-07-18,36
146,2025-07-25,35
146,2025-08-01,25
146,2025-08-08,19
146,2025-08-15,19
146,2025-08-22,2
146,2025-08-29,0
146,2025-09-05,0
146,2025-09-12,0
146,2025-09-19,0
146,2025-09-26,0
146,2025-10-03,0
146,2025-10-10,0
146,2025-10-17,0
146,2025-10-24,60
146,2025-10-31,59
146,2025-11-07,54
146,2025-11-14,40
147,2025-05-23,157
147,2025-05-30,153
147,2025-06-06,140
147,2025-06-13,120
147,2025-06-20,102
147,2025-06-27,99
147,2025-07-04,94
147,2025-07-11,85
147,2025-07-18,78
147,2025-07-25,78
147,2025-08-01,75
147,2025-08-08,75
147,2025-08-15,58
147,2025-08-22,48
147,2025-08-29,48
147,2025-09-05,46
147,2025-09-12,29
147,2025-09-19,8
147,2025-09-26,0
147,2025-10-03,88
147,2025-10-10,84
147,2025-10-17,77
147,2025-10-24,75
147,2025-10-31,62
147,2025-11-07,59
147,2025-11-14,52
148,2025-05-23,87
148,2025-05-30,83
148,2025-06-06,80
148,2025-06-13,75
148,2025-06-20,71
148,2025-06-27,71
148,2025-07-04,64
148,2025-07-11,62
148,2025-07-18,58
148,2025-07-25,53
148,2025-08-01,52
148,2025-08-08,45
148,2025-08-15,39
148,2025-08-22,37
148,2025-08-29,21
148,2025-09-05,100
148,2025-09-12,93
148,2025-09-19,88
148,2025-09-26,88
148,2025-10-03,88
148,2025-10-10,85
148,2025-10-17,78
148,2025-10-24,64
148,2025-10-31,54
148,2025-11-07,54
148,2025-11-14,51
149,2025-05-23,145
149,2025-05-30,143
149,2025-06-06,135
149,2025-06-13,127
149,2025-06-20,116
149,2025-06-27,104
149,2025-07-04,102
149,2025-07-11,100
149,2025-07-18,76
149,2025-07-25,71
149,2025-08-01,67
149,2025-08-08,67
149,2025-08-15,62
149,2025-08-22,60
149,2025-08-29,60
149,2025-09-05,57
149,2025-09-12,57
149,2025-09-19,53
149,2025-09-26,48
149,2025-10-03,45
149,2025-10-10,43
149,2025-10-17,37
149,2025-10-24,30
149,2025-10-31,28
149,2025-11-07,28
149,2025-11-14,20
150,2025-05-23,56
150,2025-05-30,56
150,2025-06-06,51
150,2025-06-13,46
150,2025-06-20,40
150,2025-06-27,28
150,2025-07-04,28
150,2025-07-11,8
150,2025-07-18,6
150,2025-07-25,6
150,2025-08-01,0
150,2025-08-08,0
150,2025-08-15,0
150,2025-08-22,0
150,2025-08-29,90
150,2025-09-05,80
150,2025-09-12,78
150,2025-09-19,77
150,2025-09-26,77
150,2025-10-03,74
150,2025-10-10,72
150,2025-10-17,56
150,2025-10-24,52
150,2025-10-31,51
150,2025-11-07,42
150,2025-11-14,38
151,2025-05-23,98
151,2025-05-30,90
151,2025-06-06,85
151,2025-06-13,80
151,2025-06-20,77
151,2025-06-27,77
151,2025-07-04,74
151,2025-07-11,70
151,2025-07-18,60
151,2025-07-25,44
151,2025-08-01,43
151,2025-08-08,38
151,2025-08-15,37
151,2025-08-22,37
151,2025-08-29,32
151,2025-09-05,27
151,2025-09-12,26
151,2025-09-19,21
151,2025-09-26,7
151,2025-10-03,4
151,2025-10-10,0
151,2025-10-17,0
151,2025-10-24,0
151,2025-10-31,55
151,2025-11-07,50
151,2025-11-14,35
152,2025-05-23,134
152,2025-05-30,122
152,2025-06-06,120
152,2025-06-13,115
152,2025-06-20,114
152,2025-06-27,107
152,2025-07-04,104
152,2025-07-11,95
152,2025-07-18,92
152,2025-07-25,86
152,2025-08-01,85
152,2025-08-08,74
152,2025-08-15,69
152,2025-08-22,66
152,2025-08-29,60
152,2025-09-05,57
152,2025-09-12,45
152,2025-09-19,44
152,2025-09-26,39
152,2025-10-03,32
152,2025-10-10,30
152,2025-10-17,26
152,2025-10-24,6
152,2025-10-31,86
152,2025-11-07,73
152,2025-11-14,62
153,2025-05-23,192
153,2025-05-30,185
153,2025-06-06,181
153,2025-06-13,168
153,2025-06-20,168
153,2025-06-27,162
153,2025-07-04,162
153,2025-07-11,158
153,2025-07-18,141
153,2025-07-25,119
153,2025-08-01,116
153,2025-08-08,112
153,2025-08-15,110
153,2025-08-22,110
153,2025-08-29,101
153,2025-09-05,101
153,2025-09-12,99
153,2025-09-19,98
153,2025-09-26,84
153,2025-10-03,80
153,2025-10-10,76
153,2025-10-17,76
153,2025-10-24,63
153,2025-10-31,50
153,2025-11-07,40
153,2025-11-14,40
154,2025-05-23,135
154,2025-05-30,132
154,2025-06-06,118
154,2025-06-13,108
154,2025-06-20,97
154,2025-06-27,93
154,2025-07-04,89
154,2025-07-11,86
154,2025-07-18,85
154,2025-07-25,82
154,2025-08-01,82
154,2025-08-08,81
154,2025-08-15,77
154,2025-08-22,74
154,2025-08-29,72
154,2025-09-05,70
154,2025-09-12,66
154,2025-09-19,65
154,2025-09-26,59
154,2025-10-03,55
154,2025-10-10,40
154,2025-10-17,33
154,2025-10-24,31
154,2025-10-31,31
154,2025-11-07,28
154,2025-11-14,76
155,2025-05-23,84
155,2025-05-30,82
155,2025-06-06,67
155,2025-06-13,67
155,2025-06-20,61
155,2025-06-27,53
155,2025-07-04,31
155,2025-07-11,25
155,2025-07-18,76
155,2025-07-25,57
155,2025-08-01,46
155,2025-08-08,45
155,2025-08-15,27
155,2025-08-22,17
155,2025-08-29,17
155,2025-09-05,73
155,2025-09-12,73
155,2025-09-19,66
155,2025-09-26,58
155,2025-10-03,55
155,2025-10-10,52
155,2025-10-17,48
155,2025-10-24,45
155,2025-10-31,27
155,2025-11-07,27
155,2025-11-14,26
156,2025-05-23,173
156,2025-05-30,172
156,2025-06-06,168
156,2025-06-13,167
156,2025-06-20,162
156,2025-06-27,156
156,2025-07-04,153
156,2025-07-11,149
156,2025-07-18,149
156,2025-07-25,141
156,2025-08-01,139
156,2025-08-08,128
156,2025-08-15,116
156,2025-08-22,116
156,2025-08-29,116
156,2025-09-05,115
156,2025-09-12,107
156,2025-09-19,105
156,2025-09-26,101
156,2025-10-03,99
156,2025-10-10,84
156,2025-10-17,83
156,2025-10-24,83
156,2025-10-31,82
156,2025-11-07,80
156,2025-11-14,79
157,2025-05-23,143
157,2025-05-30,138
157,2025-06-06,136
157,2025-06-13,132
157,2025-06-20,132
157,2025-06-27,127
157,2025-07-04,122
157,2025-07-11,112
157,2025-07-18,110
157,2025-07-25,94
157,2025-08-01,86
157,2025-08-08,83
157,2025-08-15,80
157,2025-08-22,80
157,2025-08-29,75
157,2025-09-05,66
157,2025-09-12,61
157,2025-09-19,54
157,2025-09-26,52
157,2025-10-03,48
157,2025-10-10,48
157,2025-10-17,45
157,2025-10-24,43
157,2025-10-31,36
157,2025-11-07,35
157,2025-11-14,35
158,2025-05-23,119
158,2025-05-30,116
158,2025-06-06,116
158,2025-06-13,116
158,2025-06-20,115
158,2025-06-27,112
158,2025-07-04,94
158,2025-07-11,94
158,2025-07-18,92
158,2025-07-25,88
158,2025-08-01,68
158,2025-08-08,65
158,2025-08-15,47
158,2025-08-22,44
158,2025-08-29,36
158,2025-09-05,36
158,2025-09-12,12
158,2025-09-19,7
158,2025-09-26,6
158,2025-10-03,5
158,2025-10-10,0
158,2025-10-17,0
158,2025-10-24,76
158,2025-10-31,60
158,2025-11-07,32
158,2025-11-14,32
159,2025-05-23,188
159,2025-05-30,187
159,2025-06-06,182
159,2025-06-13,179
159,2025-06-20,169
159,2025-06-27,163
159,2025-07-04,162
159,2025-07-11,141
159,2025-07-18,133
159,2025-07-25,129
159,2025-08-01,125
159,2025-08-08,113
159,2025-08-15,102
159,2025-08-22,100
159,2025-08-29,98
159,2025-09-05,98
159,2025-09-12,94
159,2025-09-19,93
159,2025-09-26,90
159,2025-10-03,83
159,2025-10-10,78
159,2025-10-17,67
159,2025-10-24,65
159,2025-10-31,65
159,2025-11-07,49
159,2025-11-14,48
160,2025-05-23,165
160,2025-05-30,160
160,2025-06-06,158
160,2025-06-13,158
160,2025-06-20,158
160,2025-06-27,152
160,2025-07-04,152
160,2025-07-11,152
160,2025-07-18,151
160,2025-07-25,144
160,2025-08-01,142
160,2025-08-08,135
160,2025-08-15,126
160,2025-08-22,120
160,2025-08-29,116
160,2025-09-05,112
160,2025-09-12,111
160,2025-09-19,104
160,2025-09-26,103
160,2025-10-03,101
160,2025-10-10,101
160,2025-10-17,101
160,2025-10-24,101
160,2025-10-31,101
160,2025-11-07,101
160,2025-11-14,96
161,2025-05-23,136
161,2025-05-30,133
161,2025-06-06,129
161,2025-06-13,126
161,2025-06-20,126
161,2025-06-27,125
161,2025-07-04,119
161,2025-07-11,107
161,2025-07-18,104
161,2025-07-25,95
161,2025-08-01,89
161,2025-08-08,86
161,2025-08-15,83
161,2025-08-22,77
161,2025-08-29,76
161,2025-09-05,68
161,2025-09-12,59
161,2025-09-19,53
161,2025-09-26,48
161,2025-10-03,47
161,2025-10-10,41
161,2025-10-17,18
161,2025-10-24,18
161,2025-10-31,11
161,2025-11-07,5
161,2025-11-14,83
162,2025-05-23,162
162,2025-05-30,157
162,2025-06-06,153
162,2025-06-13,139
162,2025-06-20,138
162,2025-06-27,138
162,2025-07-04,134
162,2025-07-11,130
162,2025-07-18,127
162,2025-07-25,126
162,2025-08-01,109
162,2025-08-08,96
162,2025-08-15,94
162,2025-08-22,82
162,2025-08-29,74
162,2025-09-05,59
162,2025-09-12,53
162,2025-09-19,50
162,2025-09-26,48
162,2025-10-03,43
162,2025-10-10,37
162,2025-10-17,25
162,2025-10-24,16
162,2025-10-31,16
162,2025-11-07,73
162,2025-11-14,73
163,2025-05-23,135
163,2025-05-30,130
163,2025-06-06,120
163,2025-06-13,117
163,2025-06-20,116
163,2025-06-27,116
163,2025-07-04,114
163,2025-07-11,108
163,2025-07-18,108
163,2025-07-25,105
163,2025-08-01,85
163,2025-08-08,69
163,2025-08-15,66
163,2025-08-22,61
163,2025-08-29,49
163,2025-09-05,43
163,2025-09-12,40
163,2025-09-19,40
163,2025-09-26,38
163,2025-10-03,30
163,2025-10-10,29
163,2025-10-17,21
163,2025-10-24,19
163,2025-10-31,19
163,2025-11-07,17
163,2025-11-14,85
164,2025-05-23,53
164,2025-05-30,49
164,2025-06-06,46
164,2025-06-13,45
164,2025-06-20,45
164,2025-06-27,40
164,2025-07-04,32
164,2025-07-11,31
164,2025-07-18,30
164,2025-07-25,26
164,2025-08-01,25
164,2025-08-08,20
164,2025-08-15,73
164,2025-08-22,68
164,2025-08-29,67
164,2025-09-05,64
164,2025-09-12,64
164,2025-09-19,64
164,2025-09-26,55
164,2025-10-03,52
164,2025-10-10,39
164,2025-10-17,30
164,2025-10-24,5
164,2025-10-31,0
164,2025-11-07,0
164,2025-11-14,97
165,2025-05-23,140
165,2025-05-30,139
165,2025-06-06,118
165,2025-06-13,117
165,2025-06-20,110
165,2025-06-27,104
165,2025-07-04,99
165,2025-07-11,96
165,2025-07-18,88
165,2025-07-25,81
165,2025-08-01,57
165,2025-08-08,45
165,2025-08-15,32
165,2025-08-22,28
165,2025-08-29,27
165,2025-09-05,19
165,2025-09-12,8
165,2025-09-19,7
165,2025-09-26,6
165,2025-10-03,0
165,2025-10-10,90
165,2025-10-17,90
165,2025-10-24,89
165,2025-10-31,88
165,2025-11-07,88
165,2025-11-14,81
166,2025-05-23,192
166,2025-05-30,192
166,2025-06-06,182
166,2025-06-13,160
166,2025-06-20,148
166,2025-06-27,136
166,2025-07-04,131
166,2025-07-11,120
166,2025-07-18,118
166,2025-07-25,113
166,2025-08-01,108
166,2025-08-08,103
166,2025-08-15,100
166,2025-08-22,97
166,2025-08-29,91
166,2025-09-05,85
166,2025-09-12,83
166,2025-09-19,71
166,2025-09-26,62
166,2025-10-03,58
166,2025-10-10,48
166,2025-10-17,44
166,2025-10-24,42
166,2025-10-31,33
166,2025-11-07,20
166,2025-11-14,17
167,2025-05-23,85
167,2025-05-30,80
167,2025-06-06,65
167,2025-06-13,61
167,2025-06-20,61
167,2025-06-27,61
167,2025-07-04,61
167,2025-07-11,61
167,2025-07-18,58
167,2025-07-25,54
167,2025-08-01,54
167,2025-08-08,53
167,2025-08-15,53
167,2025-08-22,32
167,2025-08-29,25
167,2025-09-05,15
167,2025-09-12,5
167,2025-09-19,0
167,2025-09-26,73
167,2025-10-03,71
167,2025-10-10,48
167,2025-10-17,41
167,2025-10-24,19
167,2025-10-31,14
167,2025-11-07,72
167,2025-11-14,63
168,2025-05-23,68
168,2025-05-30,55
168,2025-06-06,47
168,2025-06-13,43
168,2025-06-20,37
168,2025-06-27,34
168,2025-07-04,32
168,2025-07-11,28
168,2025-07-18,27
168,2025-07-25,26
168,2025-08-01,24
168,2025-08-08,66
168,2025-08-15,60
168,2025-08-22,55
168,2025-08-29,46
168,2025-09-05,45
168,2025-09-12,40
168,2025-09-19,39
168,2025-09-26,36
168,2025-10-03,36
168,2025-10-10,30
168,2025-10-17,21
168,2025-10-24,13
168,2025-10-31,6
168,2025-11-07,6
168,2025-11-14,59
169,2025-05-23,109
169,2025-05-30,105
169,2025-06-06,105
169,2025-06-13,93
169,2025-06-20,87
169,2025-06-27,70
169,2025-07-04,67
169,2025-07-11,57
169,2025-07-18,55
169,2025-07-25,54
169,2025-08-01,49
169,2025-08-08,39
169,2025-08-15,39
169,2025-08-22,37
169,2025-08-29,26
169,2025-09-05,13
169,2025-09-12,12
169,2025-09-19,5
169,2025-09-26,4
169,2025-10-03,0
169,2025-10-10,0
169,2025-10-17,0
169,2025-10-24,0
169,2025-10-31,0
169,2025-11-07,0
169,2025-11-14,71
170,2025-05-23,112
170,2025-05-30,106
170,2025-06-06,106
170,2025-06-13,103
170,2025-06-20,94
170,2025-06-27,89
170,2025-07-04,89
170,2025-07-11,89
170,2025-07-18,79
170,2025-07-25,77
170,2025-08-01,69
170,2025-08-08,65
170,2025-08-15,55
170,2025-08-22,34
170,2025-08-29,32
170,2025-09-05,32
170,2025-09-12,29
170,2025-09-19,22
170,2025-09-26,19
170,2025-10-03,17
170,2025-10-10,79
170,2025-10-17,77
170,2025-10-24,74
170,2025-10-31,66
170,2025-11-07,55
170,2025-11-14,39
171,2025-05-23,122
171,2025-05-30,117
171,2025-06-06,113
171,2025-06-13,112
171,2025-06-20,93
171,2025-06-27,73
171,2025-07-04,65
171,2025-07-11,63
171,2025-07-18,52
171,2025-07-25,51
171,2025-08-01,51
171,2025-08-08,48
171,2025-08-15,44
171,2025-08-22,44
171,2025-08-29,42
171,2025-09-05,39
171,2025-09-12,28
171,2025-09-19,27
171,2025-09-26,23
171,2025-10-03,22
171,2025-10-10,12
171,2025-10-17,12
171,2025-10-24,11
171,2025-10-31,7
171,2025-11-07,90
171,2025-11-14,70
172,2025-05-23,190
172,2025-05-30,178
172,2025-06-06,178
172,2025-06-13,167
172,2025-06-20,159
172,2025-06-27,156
172,2025-07-04,156
172,2025-07-11,156
172,2025-07-18,156
172,2025-07-25,154
172,2025-08-01,142
172,2025-08-08,136
172,2025-08-15,130
172,2025-08-22,130
172,2025-08-29,124
172,2025-09-05,122
172,2025-09-12,121
172,2025-09-19,117
172,2025-09-26,109
172,2025-10-03,107
172,2025-10-10,91
172,2025-10-17,87
172,2025-10-24,80
172,2025-10-31,76
172,2025-11-07,66
172,2025-11-14,55
173,2025-05-23,101
173,2025-05-30,99
173,2025-06-06,97
173,2025-06-13,95
173,2025-06-20,89
173,2025-06-27,88
173,2025-07-04,79
173,2025-07-11,69
173,2025-07-18,65
173,2025-07-25,63
173,2025-08-01,46
173,2025-08-08,46
173,2025-08-15,40
173,2025-08-22,34
173,2025-08-29,31
173,2025-09-05,27
173,2025-09-12,21
173,2025-09-19,19
173,2025-09-26,104
173,2025-10-03,94
173,2025-10-10,92
173,2025-10-17,92
173,2025-10-24,84
173,2025-10-31,70
173,2025-11-07,62
173,2025-11-14,62
174,2025-05-23,105
174,2025-05-30,94
174,2025-06-06,92
174,2025-06-13,88
174,2025-06-20,61
174,2025-06-27,57
174,2025-07-04,54
174,2025-07-11,43
174,2025-07-18,39
174,2025-07-25,36
174,2025-08-01,35
174,2025-08-08,29
174,2025-08-15,28
174,2025-08-22,23
174,2025-08-29,96
174,2025-09-05,94
174,2025-09-12,83
174,2025-09-19,82
174,2025-09-26,70
174,2025-10-03,63
174,2025-10-10,60
174,2025-10-17,52
174,2025-10-24,48
174,2025-10-31,36
174,2025-11-07,30
174,2025-11-14,29
175,2025-05-23,122
175,2025-05-30,112
175,2025-06-06,101
175,2025-06-13,101
175,2025-06-20,90
175,2025-06-27,78
175,2025-07-04,74
175,2025-07-11,73
175,2025-07-18,55
175,2025-07-25,55
175,2025-08-01,53
175,2025-08-08,44
175,2025-08-15,35
175,2025-08-22,32
175,2025-08-29,32
175,2025-09-05,28
175,2025-09-12,24
175,2025-09-19,81
175,2025-09-26,74
175,2025-10-03,74
175,2025-10-10,61
175,2025-10-17,43
175,2025-10-24,42
175,2025-10-31,29
175,2025-11-07,29
175,2025-11-14,26
176,2025-05-23,148
176,2025-05-30,145
176,2025-06-06,135
176,2025-06-13,125
176,2025-06-20,112
176,2025-06-27,90
176,2025-07-04,85
176,2025-07-11,82
176,2025-07-18,73
176,2025-07-25,73
176,2025-08-01,66
176,2025-08-08,55
176,2025-08-15,46
176,2025-08-22,44
176,2025-08-29,30
176,2025-09-05,28
176,2025-09-12,27
176,2025-09-19,27
176,2025-09-26,94
176,2025-10-03,90
176,2025-10-10,84
176,2025-10-17,68
176,2025-10-24,65
176,2025-10-31,59
176,2025-11-07,47
176,2025-11-14,47
177,2025-05-23,191
177,2025-05-30,179
177,2025-06-06,169
177,2025-06-13,168
177,2025-06-20,168
177,2025-06-27,158
177,2025-07-04,154
177,2025-07-11,152
177,2025-07-18,145
177,2025-07-25,145
177,2025-08-01,142
177,2025-08-08,141
177,2025-08-15,140
177,2025-08-22,119
177,2025-08-29,113
177,2025-09-05,109
177,2025-09-12,99
177,2025-09-19,94
177,2025-09-26,83
177,2025-10-03,78
177,2025-10-10,77
177,2025-10-17,60
177,2025-10-24,47
177,2025-10-31,39
177,2025-11-07,36
177,2025-11-14,35
178,2025-05-23,91
178,2025-05-30,89
178,2025-06-06,88
178,2025-06-13,87
178,2025-06-20,76
178,2025-06-27,76
178,2025-07-04,68
178,2025-07-11,59
178,2025-07-18,43
178,2025-07-25,40
178,2025-08-01,30
178,2025-08-08,23
178,2025-08-15,20
178,2025-08-22,71
178,2025-08-29,66
178,2025-09-05,66
178,2025-09-12,56
178,2025-09-19,49
178,2025-09-26,49
178,2025-10-03,37
178,2025-10-10,28
178,2025-10-17,16
178,2025-10-24,15
178,2025-10-31,105
178,2025-11-07,99
178,2025-11-14,94
179,2025-05-23,165
179,2025-05-30,163
179,2025-06-06,156
179,2025-06-13,156
179,2025-06-20,153
179,2025-06-27,149
179,2025-07-04,141
179,2025-07-11,139
179,2025-07-18,112
179,2025-07-25,112
179,2025-08-01,111
179,2025-08-08,111
179,2025-08-15,109
179,2025-08-22,106
179,2025-08-29,104
179,2025-09-05,100
179,2025-09-12,97
179,2025-09-19,87
179,2025-09-26,75
179,2025-10-03,72
179,2025-10-10,70
179,2025-10-17,59
179,2025-10-24,52
179,2025-10-31,51
179,2025-11-07,36
179,2025-11-14,34
180,2025-05-23,93
180,2025-05-30,92
180,2025-06-06,83
180,2025-06-13,82
180,2025-06-20,70
180,2025-06-27,66
180,2025-07-04,65
180,2025-07-11,45
180,2025-07-18,33
180,2025-07-25,32
180,2025-08-01,29
180,2025-08-08,23
180,2025-08-15,22
180,2025-08-22,4
180,2025-08-29,0
180,2025-09-05,0
180,2025-09-12,0
180,2025-09-19,0
180,2025-09-26,0
180,2025-10-03,65
180,2025-10-10,65
180,2025-10-17,58
180,2025-10-24,57
180,2025-10-31,41
180,2025-11-07,41
180,2025-11-14,35
181,2025-05-23,88
181,2025-05-30,83
181,2025-06-06,74
181,2025-06-13,74
181,2025-06-20,73
181,2025-06-27,72
181,2025-07-04,65
181,2025-07-11,63
181,2025-07-18,61
181,2025-07-25,58
181,2025-08-01,53
181,2025-08-08,47
181,2025-08-15,42
181,2025-08-22,37
181,2025-08-29,29
181,2025-09-05,23
181,2025-09-12,23
181,2025-09-19,66
181,2025-09-26,39
181,2025-10-03,35
181,2025-10-10,33
181,2025-10-17,32
181,2025-10-24,28
181,2025-10-31,19
181,2025-11-07,19
181,2025-11-14,17
182,2025-05-23,54
182,2025-05-30,50
182,2025-06-06,40
182,2025-06-13,40
182,2025-06-20,38
182,2025-06-27,37
182,2025-07-04,30
182,2025-07-11,29
182,2025-07-18,29
182,2025-07-25,24
182,2025-08-01,23
182,2025-08-08,21
182,2025-08-15,21
182,2025-08-22,19
182,2025-08-29,98
182,2025-09-05,93
182,2025-09-12,92
182,2025-09-19,80
182,2025-09-26,79
182,2025-10-03,74
182,2025-10-10,68
182,2025-10-17,60
182,2025-10-24,59
182,2025-10-31,55
182,2025-11-07,24
182,2025-11-14,20
183,2025-05-23,47
183,2025-05-30,45
183,2025-06-06,44
183,2025-06-13,40
183,2025-06-20,40
183,2025-06-27,36
183,2025-07-04,30
183,2025-07-11,26
183,2025-07-18,14
183,2025-07-25,12
183,2025-08-01,0
183,2025-08-08,0
183,2025-08-15,95
183,2025-08-22,85
183,2025-08-29,83
183,2025-09-05,78
183,2025-09-12,70
183,2025-09-19,66
183,2025-09-26,65
183,2025-10-03,52
183,2025-10-10,49
183,2025-10-17,47
183,2025-10-24,43
183,2025-10-31,42
183,2025-11-07,40
183,2025-11-14,34
184,2025-05-23,154
184,2025-05-30,154
184,2025-06-06,148
184,2025-06-13,146
184,2025-06-20,146
184,2025-06-27,140
184,2025-07-04,137
184,2025-07-11,132
184,2025-07-18,126
184,2025-07-25,124
184,2025-08-01,123
184,2025-08-08,123
184,2025-08-15,109
184,2025-08-22,109
184,2025-08-29,94
184,2025-09-05,83
184,2025-09-12,78
184,2025-09-19,62
184,2025-09-26,59
184,2025-10-03,58
184,2025-10-10,58
184,2025-10-17,51
184,2025-10-24,51
184,2025-10-31,50
184,2025-11-07,38
184,2025-11-14,38
185,2025-05-23,135
185,2025-05-30,130
185,2025-06-06,127
185,2025-06-13,127
185,2025-06-20,126
185,2025-06-27,124
185,2025-07-04,123
185,2025-07-11,123
185,2025-07-18,94
185,2025-07-25,87
185,2025-08-01,85
185,2025-08-08,79
185,2025-08-15,76
185,2025-08-22,70
185,2025-08-29,69
185,2025-09-05,68
185,2025-09-12,68
185,2025-09-19,68
185,2025-09-26,65
185,2025-10-03,54
185,2025-10-10,49
185,2025-10-17,41
185,2025-10-24,36
185,2025-10-31,31
185,2025-11-07,29
185,2025-11-14,14
186,2025-05-23,199
186,2025-05-30,193
186,2025-06-06,187
186,2025-06-13,175
186,2025-06-20,158
186,2025-06-27,156
186,2025-07-04,143
186,2025-07-11,130
186,2025-07-18,123
186,2025-07-25,123
186,2025-08-01,119
186,2025-08-08,118
186,2025-08-15,111
186,2025-08-22,103
186,2025-08-29,102
186,2025-09-05,85
186,2025-09-12,78
186,2025-09-19,70
186,2025-09-26,69
186,2025-10-03,48
186,2025-10-10,45
186,2025-10-17,45
186,2025-10-24,42
186,2025-10-31,41
186,2025-11-07,102
186,2025-11-14,102
187,2025-05-23,79
187,2025-05-30,79
187,2025-06-06,71
187,2025-06-13,69
187,2025-06-20,55
187,2025-06-27,53
187,2025-07-04,38
187,2025-07-11,28
187,2025-07-18,28
187,2025-07-25,24
187,2025-08-01,21
187,2025-08-08,63
187,2025-08-15,53
187,2025-08-22,51
187,2025-08-29,42
187,2025-09-05,35
187,2025-09-12,26
187,2025-09-19,20
187,2025-09-26,83
187,2025-10-03,73
187,2025-10-10,61
187,2025-10-17,60
187,2025-10-24,49
187,2025-10-31,48
187,2025-11-07,25
187,2025-11-14,25
188,2025-05-23,174
188,2025-05-30,169
188,2025-06-06,162
188,2025-06-13,161
188,2025-06-20,161
188,2025-06-27,161
188,2025-07-04,149
188,2025-07-11,144
188,2025-07-18,140
188,2025-07-25,137
188,2025-08-01,132
188,2025-08-08,125
188,2025-08-15,124
188,2025-08-22,116
188,2025-08-29,116
188,2025-09-05,81
188,2025-09-12,81
188,2025-09-19,79
188,2025-09-26,75
188,2025-10-03,64
188,2025-10-10,63
188,2025-10-17,52
188,2025-10-24,46
188,2025-10-31,46
188,2025-11-07,38
188,2025-11-14,26
189,2025-05-23,153
189,2025-05-30,151
189,2025-06-06,148
189,2025-06-13,148
189,2025-06-20,138
189,2025-06-27,124
189,2025-07-04,116
189,2025-07-11,108
189,2025-07-18,99
189,2025-07-25,96
189,2025-08-01,91
189,2025-08-08,91
189,2025-08-15,91
189,2025-08-22,89
189,2025-08-29,87
189,2025-09-05,87
189,2025-09-12,86
189,2025-09-19,82
189,2025-09-26,77
189,2025-10-03,77
189,2025-10-10,72
189,2025-10-17,64
189,2025-10-24,46
189,2025-10-31,46
189,2025-11-07,22
189,2025-11-14,20
190,2025-05-23,123
190,2025-05-30,121
190,2025-06-06,112
190,2025-06-13,111
190,2025-06-20,109
190,2025-06-27,102
190,2025-07-04,88
190,2025-07-11,88
190,2025-07-18,86
190,2025-07-25,63
190,2025-08-01,49
190,2025-08-08,37
190,2025-08-15,37
190,2025-08-22,32
190,2025-08-29,27
190,2025-09-05,27
190,2025-09-12,23
190,2025-09-19,14
190,2025-09-26,99
190,2025-10-03,97
190,2025-10-10,92
190,2025-10-17,84
190,2025-10-24,84
190,2025-10-31,84
190,2025-11-07,74
190,2025-11-14,73
191,2025-05-23,97
191,2025-05-30,93
191,2025-06-06,92
191,2025-06-13,91
191,2025-06-20,88
191,2025-06-27,82
191,2025-07-04,79
191,2025-07-11,76
191,2025-07-18,76
191,2025-07-25,68
191,2025-08-01,61
191,2025-08-08,56
191,2025-08-15,43
191,2025-08-22,37
191,2025-08-29,31
191,2025-09-05,27
191,2025-09-12,26
191,2025-09-19,6
191,2025-09-26,4
191,2025-10-03,101
191,2025-10-10,90
191,2025-10-17,79
191,2025-10-24,75
191,2025-10-31,67
191,2025-11-07,51
191,2025-11-14,47
192,2025-05-23,133
192,2025-05-30,124
192,2025-06-06,104
192,2025-06-13,104
192,2025-06-20,102
192,2025-06-27,101
192,2025-07-04,96
192,2025-07-11,89
192,2025-07-18,86
192,2025-07-25,85
192,2025-08-01,85
192,2025-08-08,82
192,2025-08-15,77
192,2025-08-22,75
192,2025-08-29,75
192,2025-09-05,75
192,2025-09-12,70
192,2025-09-19,50
192,2025-09-26,38
192,2025-10-03,38
192,2025-10-10,33
192,2025-10-17,33
192,2025-10-24,32
192,2025-10-31,30
192,2025-11-07,29
192,2025-11-14,27
193,2025-05-23,68
193,2025-05-30,54
193,2025-06-06,53
193,2025-06-13,47
193,2025-06-20,36
193,2025-06-27,30
193,2025-07-04,30
193,2025-07-11,76
193,2025-07-18,67
193,2025-07-25,60
193,2025-08-01,58
193,2025-08-08,57
193,2025-08-15,56
193,2025-08-22,33
193,2025-08-29,28
193,2025-09-05,27
193,2025-09-12,93
193,2025-09-19,77
193,2025-09-26,74
193,2025-10-03,57
193,2025-10-10,49
193,2025-10-17,48
193,2025-10-24,32
193,2025-10-31,29
193,2025-11-07,26
193,2025-11-14,26
194,2025-05-23,123
194,2025-05-30,123
194,2025-06-06,117
194,2025-06-13,99
194,2025-06-20,94
194,2025-06-27,84
194,2025-07-04,81
194,2025-07-11,78
194,2025-07-18,73
194,2025-07-25,63
194,2025-08-01,57
194,2025-08-08,53
194,2025-08-15,49
194,2025-08-22,48
194,2025-08-29,47
194,2025-09-05,42
194,2025-09-12,39
194,2025-09-19,39
194,2025-09-26,37
194,2025-10-03,22
194,2025-10-10,15
194,2025-10-17,4
194,2025-10-24,0
194,2025-10-31,0
194,2025-11-07,87
194,2025-11-14,71
195,2025-05-23,136
195,2025-05-30,127
195,2025-06-06,117
195,2025-06-13,116
195,2025-06-20,109
195,2025-06-27,100
195,2025-07-04,100
195,2025-07-11,93
195,2025-07-18,87
195,2025-07-25,84
195,2025-08-01,75
195,2025-08-08,74
195,2025-08-15,74
195,2025-08-22,64
195,2025-08-29,60
195,2025-09-05,56
195,2025-09-12,47
195,2025-09-19,40
195,2025-09-26,37
195,2025-10-03,19
195,2025-10-10,19
195,2025-10-17,16
195,2025-10-24,0
195,2025-10-31,0
195,2025-11-07,0
195,2025-11-14,0
196,2025-05-23,89
196,2025-05-30,59
196,2025-06-06,58
196,2025-06-13,54
196,2025-06-20,47
196,2025-06-27,42
196,2025-07-04,39
196,2025-07-11,34
196,2025-07-18,22
196,2025-07-25,14
196,2025-08-01,74
196,2025-08-08,72
196,2025-08-15,59
196,2025-08-22,53
196,2025-08-29,53
196,2025-09-05,52
196,2025-09-12,52
196,2025-09-19,49
196,2025-09-26,34
196,2025-10-03,22
196,2025-10-10,12
196,2025-10-17,105
196,2025-10-24,96
196,2025-10-31,90
196,2025-11-07,74
196,2025-11-14,54
197,2025-05-23,130
197,2025-05-30,124
197,2025-06-06,124
197,2025-06-13,121
197,2025-06-20,110
197,2025-06-27,106
197,2025-07-04,106
197,2025-07-11,103
197,2025-07-18,101
197,2025-07-25,96
197,2025-08-01,92
197,2025-08-08,83
197,2025-08-15,67
197,2025-08-22,62
197,2025-08-29,46
197,2025-09-05,41
197,2025-09-12,41
197,2025-09-19,22
197,2025-09-26,13
197,2025-10-03,61
197,2025-10-10,54
197,2025-10-17,53
197,2025-10-24,49
197,2025-10-31,27
197,2025-11-07,25
197,2025-11-14,25
198,2025-05-23,104
198,2025-05-30,99
198,2025-06-06,94
198,2025-06-13,87
198,2025-06-20,84
198,2025-06-27,76
198,2025-07-04,75
198,2025-07-11,70
198,2025-07-18,61
198,2025-07-25,59
198,2025-08-01,49
198,2025-08-08,49
198,2025-08-15,43
198,2025-08-22,34
198,2025-08-29,28
198,2025-09-05,26
198,2025-09-12,21
198,2025-09-19,21
198,2025-09-26,15
198,2025-10-03,1
198,2025-10-10,64
198,2025-10-17,62
198,2025-10-24,41
198,2025-10-31,36
198,2025-11-07,32
198,2025-11-14,28
199,2025-05-23,122
199,2025-05-30,121
199,2025-06-06,113
199,2025-06-13,102
199,2025-06-20,102
199,2025-06-27,96
199,2025-07-04,96
199,2025-07-11,96
199,2025-07-18,95
199,2025-07-25,88
199,2025-08-01,81
199,2025-08-08,81
199,2025-08-15,78
199,2025-08-22,78
199,2025-08-29,73
199,2025-09-05,71
199,2025-09-12,63
199,2025-09-19,52
199,2025-09-26,51
199,2025-10-03,48
199,2025-10-10,48
199,2025-10-17,44
199,2025-10-24,41
199,2025-10-31,32
199,2025-11-07,13
199,2025-11-14,81
200,2025-05-23,87
200,2025-05-30,85
200,2025-06-06,80
200,2025-06-13,73
200,2025-06-20,72
200,2025-06-27,72
200,2025-07-04,66
200,2025-07-11,58
200,2025-07-18,53
200,2025-07-25,52
200,2025-08-01,44
200,2025-08-08,36
200,2025-08-15,31
200,2025-08-22,21
200,2025-08-29,16
200,2025-09-05,8
200,2025-09-12,68
200,2025-09-19,68
200,2025-09-26,61
200,2025-10-03,56
200,2025-10-10,55
200,2025-10-17,54
200,2025-10-24,43
200,2025-10-31,34
200,2025-11-07,92
200,2025-11-14,88
